id,Buying,Maint,Doors,Persons,Lug_boot,Safety,Class
0,vhigh,vhigh,2,2,small,low,negative
1,vhigh,vhigh,2,2,small,med,negative
2,vhigh,vhigh,2,2,small,high,negative
3,vhigh,vhigh,2,2,med,low,negative
4,vhigh,vhigh,2,2,med,med,negative
5,vhigh,vhigh,2,2,med,high,negative
6,vhigh,vhigh,2,2,big,low,negative
7,vhigh,vhigh,2,2,big,med,negative
8,vhigh,vhigh,2,2,big,high,negative
9,vhigh,vhigh,2,4,small,low,negative
10,vhigh,vhigh,2,4,small,med,negative
11,vhigh,vhigh,2,4,small,high,negative
12,vhigh,vhigh,2,4,med,low,negative
13,vhigh,vhigh,2,4,med,med,negative
14,vhigh,vhigh,2,4,med,high,negative
15,vhigh,vhigh,2,4,big,low,negative
16,vhigh,vhigh,2,4,big,med,negative
17,vhigh,vhigh,2,4,big,high,negative
18,vhigh,vhigh,2,more,small,low,negative
19,vhigh,vhigh,2,more,small,med,negative
20,vhigh,vhigh,2,more,small,high,negative
21,vhigh,vhigh,2,more,med,low,negative
22,vhigh,vhigh,2,more,med,med,negative
23,vhigh,vhigh,2,more,med,high,negative
24,vhigh,vhigh,2,more,big,low,negative
25,vhigh,vhigh,2,more,big,med,negative
26,vhigh,vhigh,2,more,big,high,negative
27,vhigh,vhigh,3,2,small,low,negative
28,vhigh,vhigh,3,2,small,med,negative
29,vhigh,vhigh,3,2,small,high,negative
30,vhigh,vhigh,3,2,med,low,negative
31,vhigh,vhigh,3,2,med,med,negative
32,vhigh,vhigh,3,2,med,high,negative
33,vhigh,vhigh,3,2,big,low,negative
34,vhigh,vhigh,3,2,big,med,negative
35,vhigh,vhigh,3,2,big,high,negative
36,vhigh,vhigh,3,4,small,low,negative
37,vhigh,vhigh,3,4,small,med,negative
38,vhigh,vhigh,3,4,small,high,negative
39,vhigh,vhigh,3,4,med,low,negative
40,vhigh,vhigh,3,4,med,med,negative
41,vhigh,vhigh,3,4,med,high,negative
42,vhigh,vhigh,3,4,big,low,negative
43,vhigh,vhigh,3,4,big,med,negative
44,vhigh,vhigh,3,4,big,high,negative
45,vhigh,vhigh,3,more,small,low,negative
46,vhigh,vhigh,3,more,small,med,negative
47,vhigh,vhigh,3,more,small,high,negative
48,vhigh,vhigh,3,more,med,low,negative
49,vhigh,vhigh,3,more,med,med,negative
50,vhigh,vhigh,3,more,med,high,negative
51,vhigh,vhigh,3,more,big,low,negative
52,vhigh,vhigh,3,more,big,med,negative
53,vhigh,vhigh,3,more,big,high,negative
54,vhigh,vhigh,4,2,small,low,negative
55,vhigh,vhigh,4,2,small,med,negative
56,vhigh,vhigh,4,2,small,high,negative
57,vhigh,vhigh,4,2,med,low,negative
58,vhigh,vhigh,4,2,med,med,negative
59,vhigh,vhigh,4,2,med,high,negative
60,vhigh,vhigh,4,2,big,low,negative
61,vhigh,vhigh,4,2,big,med,negative
62,vhigh,vhigh,4,2,big,high,negative
63,vhigh,vhigh,4,4,small,low,negative
64,vhigh,vhigh,4,4,small,med,negative
65,vhigh,vhigh,4,4,small,high,negative
66,vhigh,vhigh,4,4,med,low,negative
67,vhigh,vhigh,4,4,med,med,negative
68,vhigh,vhigh,4,4,med,high,negative
69,vhigh,vhigh,4,4,big,low,negative
70,vhigh,vhigh,4,4,big,med,negative
71,vhigh,vhigh,4,4,big,high,negative
72,vhigh,vhigh,4,more,small,low,negative
73,vhigh,vhigh,4,more,small,med,negative
74,vhigh,vhigh,4,more,small,high,negative
75,vhigh,vhigh,4,more,med,low,negative
76,vhigh,vhigh,4,more,med,med,negative
77,vhigh,vhigh,4,more,med,high,negative
78,vhigh,vhigh,4,more,big,low,negative
79,vhigh,vhigh,4,more,big,med,negative
80,vhigh,vhigh,4,more,big,high,negative
81,vhigh,vhigh,5more,2,small,low,negative
82,vhigh,vhigh,5more,2,small,med,negative
83,vhigh,vhigh,5more,2,small,high,negative
84,vhigh,vhigh,5more,2,med,low,negative
85,vhigh,vhigh,5more,2,med,med,negative
86,vhigh,vhigh,5more,2,med,high,negative
87,vhigh,vhigh,5more,2,big,low,negative
88,vhigh,vhigh,5more,2,big,med,negative
89,vhigh,vhigh,5more,2,big,high,negative
90,vhigh,vhigh,5more,4,small,low,negative
91,vhigh,vhigh,5more,4,small,med,negative
92,vhigh,vhigh,5more,4,small,high,negative
93,vhigh,vhigh,5more,4,med,low,negative
94,vhigh,vhigh,5more,4,med,med,negative
95,vhigh,vhigh,5more,4,med,high,negative
96,vhigh,vhigh,5more,4,big,low,negative
97,vhigh,vhigh,5more,4,big,med,negative
98,vhigh,vhigh,5more,4,big,high,negative
99,vhigh,vhigh,5more,more,small,low,negative
100,vhigh,vhigh,5more,more,small,med,negative
101,vhigh,vhigh,5more,more,small,high,negative
102,vhigh,vhigh,5more,more,med,low,negative
103,vhigh,vhigh,5more,more,med,med,negative
104,vhigh,vhigh,5more,more,med,high,negative
105,vhigh,vhigh,5more,more,big,low,negative
106,vhigh,vhigh,5more,more,big,med,negative
107,vhigh,vhigh,5more,more,big,high,negative
108,vhigh,high,2,2,small,low,negative
109,vhigh,high,2,2,small,med,negative
110,vhigh,high,2,2,small,high,negative
111,vhigh,high,2,2,med,low,negative
112,vhigh,high,2,2,med,med,negative
113,vhigh,high,2,2,med,high,negative
114,vhigh,high,2,2,big,low,negative
115,vhigh,high,2,2,big,med,negative
116,vhigh,high,2,2,big,high,negative
117,vhigh,high,2,4,small,low,negative
118,vhigh,high,2,4,small,med,negative
119,vhigh,high,2,4,small,high,negative
120,vhigh,high,2,4,med,low,negative
121,vhigh,high,2,4,med,med,negative
122,vhigh,high,2,4,med,high,negative
123,vhigh,high,2,4,big,low,negative
124,vhigh,high,2,4,big,med,negative
125,vhigh,high,2,4,big,high,negative
126,vhigh,high,2,more,small,low,negative
127,vhigh,high,2,more,small,med,negative
128,vhigh,high,2,more,small,high,negative
129,vhigh,high,2,more,med,low,negative
130,vhigh,high,2,more,med,med,negative
131,vhigh,high,2,more,med,high,negative
132,vhigh,high,2,more,big,low,negative
133,vhigh,high,2,more,big,med,negative
134,vhigh,high,2,more,big,high,negative
135,vhigh,high,3,2,small,low,negative
136,vhigh,high,3,2,small,med,negative
137,vhigh,high,3,2,small,high,negative
138,vhigh,high,3,2,med,low,negative
139,vhigh,high,3,2,med,med,negative
140,vhigh,high,3,2,med,high,negative
141,vhigh,high,3,2,big,low,negative
142,vhigh,high,3,2,big,med,negative
143,vhigh,high,3,2,big,high,negative
144,vhigh,high,3,4,small,low,negative
145,vhigh,high,3,4,small,med,negative
146,vhigh,high,3,4,small,high,negative
147,vhigh,high,3,4,med,low,negative
148,vhigh,high,3,4,med,med,negative
149,vhigh,high,3,4,med,high,negative
150,vhigh,high,3,4,big,low,negative
151,vhigh,high,3,4,big,med,negative
152,vhigh,high,3,4,big,high,negative
153,vhigh,high,3,more,small,low,negative
154,vhigh,high,3,more,small,med,negative
155,vhigh,high,3,more,small,high,negative
156,vhigh,high,3,more,med,low,negative
157,vhigh,high,3,more,med,med,negative
158,vhigh,high,3,more,med,high,negative
159,vhigh,high,3,more,big,low,negative
160,vhigh,high,3,more,big,med,negative
161,vhigh,high,3,more,big,high,negative
162,vhigh,high,4,2,small,low,negative
163,vhigh,high,4,2,small,med,negative
164,vhigh,high,4,2,small,high,negative
165,vhigh,high,4,2,med,low,negative
166,vhigh,high,4,2,med,med,negative
167,vhigh,high,4,2,med,high,negative
168,vhigh,high,4,2,big,low,negative
169,vhigh,high,4,2,big,med,negative
170,vhigh,high,4,2,big,high,negative
171,vhigh,high,4,4,small,low,negative
172,vhigh,high,4,4,small,med,negative
173,vhigh,high,4,4,small,high,negative
174,vhigh,high,4,4,med,low,negative
175,vhigh,high,4,4,med,med,negative
176,vhigh,high,4,4,med,high,negative
177,vhigh,high,4,4,big,low,negative
178,vhigh,high,4,4,big,med,negative
179,vhigh,high,4,4,big,high,negative
180,vhigh,high,4,more,small,low,negative
181,vhigh,high,4,more,small,med,negative
182,vhigh,high,4,more,small,high,negative
183,vhigh,high,4,more,med,low,negative
184,vhigh,high,4,more,med,med,negative
185,vhigh,high,4,more,med,high,negative
186,vhigh,high,4,more,big,low,negative
187,vhigh,high,4,more,big,med,negative
188,vhigh,high,4,more,big,high,negative
189,vhigh,high,5more,2,small,low,negative
190,vhigh,high,5more,2,small,med,negative
191,vhigh,high,5more,2,small,high,negative
192,vhigh,high,5more,2,med,low,negative
193,vhigh,high,5more,2,med,med,negative
194,vhigh,high,5more,2,med,high,negative
195,vhigh,high,5more,2,big,low,negative
196,vhigh,high,5more,2,big,med,negative
197,vhigh,high,5more,2,big,high,negative
198,vhigh,high,5more,4,small,low,negative
199,vhigh,high,5more,4,small,med,negative
200,vhigh,high,5more,4,small,high,negative
201,vhigh,high,5more,4,med,low,negative
202,vhigh,high,5more,4,med,med,negative
203,vhigh,high,5more,4,med,high,negative
204,vhigh,high,5more,4,big,low,negative
205,vhigh,high,5more,4,big,med,negative
206,vhigh,high,5more,4,big,high,negative
207,vhigh,high,5more,more,small,low,negative
208,vhigh,high,5more,more,small,med,negative
209,vhigh,high,5more,more,small,high,negative
210,vhigh,high,5more,more,med,low,negative
211,vhigh,high,5more,more,med,med,negative
212,vhigh,high,5more,more,med,high,negative
213,vhigh,high,5more,more,big,low,negative
214,vhigh,high,5more,more,big,med,negative
215,vhigh,high,5more,more,big,high,negative
216,vhigh,med,2,2,small,low,negative
217,vhigh,med,2,2,small,med,negative
218,vhigh,med,2,2,small,high,negative
219,vhigh,med,2,2,med,low,negative
220,vhigh,med,2,2,med,med,negative
221,vhigh,med,2,2,med,high,negative
222,vhigh,med,2,2,big,low,negative
223,vhigh,med,2,2,big,med,negative
224,vhigh,med,2,2,big,high,negative
225,vhigh,med,2,4,small,low,negative
226,vhigh,med,2,4,small,med,negative
227,vhigh,med,2,4,small,high,negative
228,vhigh,med,2,4,med,low,negative
229,vhigh,med,2,4,med,med,negative
230,vhigh,med,2,4,med,high,negative
231,vhigh,med,2,4,big,low,negative
232,vhigh,med,2,4,big,med,negative
233,vhigh,med,2,4,big,high,negative
234,vhigh,med,2,more,small,low,negative
235,vhigh,med,2,more,small,med,negative
236,vhigh,med,2,more,small,high,negative
237,vhigh,med,2,more,med,low,negative
238,vhigh,med,2,more,med,med,negative
239,vhigh,med,2,more,med,high,negative
240,vhigh,med,2,more,big,low,negative
241,vhigh,med,2,more,big,med,negative
242,vhigh,med,2,more,big,high,negative
243,vhigh,med,3,2,small,low,negative
244,vhigh,med,3,2,small,med,negative
245,vhigh,med,3,2,small,high,negative
246,vhigh,med,3,2,med,low,negative
247,vhigh,med,3,2,med,med,negative
248,vhigh,med,3,2,med,high,negative
249,vhigh,med,3,2,big,low,negative
250,vhigh,med,3,2,big,med,negative
251,vhigh,med,3,2,big,high,negative
252,vhigh,med,3,4,small,low,negative
253,vhigh,med,3,4,small,med,negative
254,vhigh,med,3,4,small,high,negative
255,vhigh,med,3,4,med,low,negative
256,vhigh,med,3,4,med,med,negative
257,vhigh,med,3,4,med,high,negative
258,vhigh,med,3,4,big,low,negative
259,vhigh,med,3,4,big,med,negative
260,vhigh,med,3,4,big,high,negative
261,vhigh,med,3,more,small,low,negative
262,vhigh,med,3,more,small,med,negative
263,vhigh,med,3,more,small,high,negative
264,vhigh,med,3,more,med,low,negative
265,vhigh,med,3,more,med,med,negative
266,vhigh,med,3,more,med,high,negative
267,vhigh,med,3,more,big,low,negative
268,vhigh,med,3,more,big,med,negative
269,vhigh,med,3,more,big,high,negative
270,vhigh,med,4,2,small,low,negative
271,vhigh,med,4,2,small,med,negative
272,vhigh,med,4,2,small,high,negative
273,vhigh,med,4,2,med,low,negative
274,vhigh,med,4,2,med,med,negative
275,vhigh,med,4,2,med,high,negative
276,vhigh,med,4,2,big,low,negative
277,vhigh,med,4,2,big,med,negative
278,vhigh,med,4,2,big,high,negative
279,vhigh,med,4,4,small,low,negative
280,vhigh,med,4,4,small,med,negative
281,vhigh,med,4,4,small,high,negative
282,vhigh,med,4,4,med,low,negative
283,vhigh,med,4,4,med,med,negative
284,vhigh,med,4,4,med,high,negative
285,vhigh,med,4,4,big,low,negative
286,vhigh,med,4,4,big,med,negative
287,vhigh,med,4,4,big,high,negative
288,vhigh,med,4,more,small,low,negative
289,vhigh,med,4,more,small,med,negative
290,vhigh,med,4,more,small,high,negative
291,vhigh,med,4,more,med,low,negative
292,vhigh,med,4,more,med,med,negative
293,vhigh,med,4,more,med,high,negative
294,vhigh,med,4,more,big,low,negative
295,vhigh,med,4,more,big,med,negative
296,vhigh,med,4,more,big,high,negative
297,vhigh,med,5more,2,small,low,negative
298,vhigh,med,5more,2,small,med,negative
299,vhigh,med,5more,2,small,high,negative
300,vhigh,med,5more,2,med,low,negative
301,vhigh,med,5more,2,med,med,negative
302,vhigh,med,5more,2,med,high,negative
303,vhigh,med,5more,2,big,low,negative
304,vhigh,med,5more,2,big,med,negative
305,vhigh,med,5more,2,big,high,negative
306,vhigh,med,5more,4,small,low,negative
307,vhigh,med,5more,4,small,med,negative
308,vhigh,med,5more,4,small,high,negative
309,vhigh,med,5more,4,med,low,negative
310,vhigh,med,5more,4,med,med,negative
311,vhigh,med,5more,4,med,high,negative
312,vhigh,med,5more,4,big,low,negative
313,vhigh,med,5more,4,big,med,negative
314,vhigh,med,5more,4,big,high,negative
315,vhigh,med,5more,more,small,low,negative
316,vhigh,med,5more,more,small,med,negative
317,vhigh,med,5more,more,small,high,negative
318,vhigh,med,5more,more,med,low,negative
319,vhigh,med,5more,more,med,med,negative
320,vhigh,med,5more,more,med,high,negative
321,vhigh,med,5more,more,big,low,negative
322,vhigh,med,5more,more,big,med,negative
323,vhigh,med,5more,more,big,high,negative
324,vhigh,low,2,2,small,low,negative
325,vhigh,low,2,2,small,med,negative
326,vhigh,low,2,2,small,high,negative
327,vhigh,low,2,2,med,low,negative
328,vhigh,low,2,2,med,med,negative
329,vhigh,low,2,2,med,high,negative
330,vhigh,low,2,2,big,low,negative
331,vhigh,low,2,2,big,med,negative
332,vhigh,low,2,2,big,high,negative
333,vhigh,low,2,4,small,low,negative
334,vhigh,low,2,4,small,med,negative
335,vhigh,low,2,4,small,high,negative
336,vhigh,low,2,4,med,low,negative
337,vhigh,low,2,4,med,med,negative
338,vhigh,low,2,4,med,high,negative
339,vhigh,low,2,4,big,low,negative
340,vhigh,low,2,4,big,med,negative
341,vhigh,low,2,4,big,high,negative
342,vhigh,low,2,more,small,low,negative
343,vhigh,low,2,more,small,med,negative
344,vhigh,low,2,more,small,high,negative
345,vhigh,low,2,more,med,low,negative
346,vhigh,low,2,more,med,med,negative
347,vhigh,low,2,more,med,high,negative
348,vhigh,low,2,more,big,low,negative
349,vhigh,low,2,more,big,med,negative
350,vhigh,low,2,more,big,high,negative
351,vhigh,low,3,2,small,low,negative
352,vhigh,low,3,2,small,med,negative
353,vhigh,low,3,2,small,high,negative
354,vhigh,low,3,2,med,low,negative
355,vhigh,low,3,2,med,med,negative
356,vhigh,low,3,2,med,high,negative
357,vhigh,low,3,2,big,low,negative
358,vhigh,low,3,2,big,med,negative
359,vhigh,low,3,2,big,high,negative
360,vhigh,low,3,4,small,low,negative
361,vhigh,low,3,4,small,med,negative
362,vhigh,low,3,4,small,high,negative
363,vhigh,low,3,4,med,low,negative
364,vhigh,low,3,4,med,med,negative
365,vhigh,low,3,4,med,high,negative
366,vhigh,low,3,4,big,low,negative
367,vhigh,low,3,4,big,med,negative
368,vhigh,low,3,4,big,high,negative
369,vhigh,low,3,more,small,low,negative
370,vhigh,low,3,more,small,med,negative
371,vhigh,low,3,more,small,high,negative
372,vhigh,low,3,more,med,low,negative
373,vhigh,low,3,more,med,med,negative
374,vhigh,low,3,more,med,high,negative
375,vhigh,low,3,more,big,low,negative
376,vhigh,low,3,more,big,med,negative
377,vhigh,low,3,more,big,high,negative
378,vhigh,low,4,2,small,low,negative
379,vhigh,low,4,2,small,med,negative
380,vhigh,low,4,2,small,high,negative
381,vhigh,low,4,2,med,low,negative
382,vhigh,low,4,2,med,med,negative
383,vhigh,low,4,2,med,high,negative
384,vhigh,low,4,2,big,low,negative
385,vhigh,low,4,2,big,med,negative
386,vhigh,low,4,2,big,high,negative
387,vhigh,low,4,4,small,low,negative
388,vhigh,low,4,4,small,med,negative
389,vhigh,low,4,4,small,high,negative
390,vhigh,low,4,4,med,low,negative
391,vhigh,low,4,4,med,med,negative
392,vhigh,low,4,4,med,high,negative
393,vhigh,low,4,4,big,low,negative
394,vhigh,low,4,4,big,med,negative
395,vhigh,low,4,4,big,high,negative
396,vhigh,low,4,more,small,low,negative
397,vhigh,low,4,more,small,med,negative
398,vhigh,low,4,more,small,high,negative
399,vhigh,low,4,more,med,low,negative
400,vhigh,low,4,more,med,med,negative
401,vhigh,low,4,more,med,high,negative
402,vhigh,low,4,more,big,low,negative
403,vhigh,low,4,more,big,med,negative
404,vhigh,low,4,more,big,high,negative
405,vhigh,low,5more,2,small,low,negative
406,vhigh,low,5more,2,small,med,negative
407,vhigh,low,5more,2,small,high,negative
408,vhigh,low,5more,2,med,low,negative
409,vhigh,low,5more,2,med,med,negative
410,vhigh,low,5more,2,med,high,negative
411,vhigh,low,5more,2,big,low,negative
412,vhigh,low,5more,2,big,med,negative
413,vhigh,low,5more,2,big,high,negative
414,vhigh,low,5more,4,small,low,negative
415,vhigh,low,5more,4,small,med,negative
416,vhigh,low,5more,4,small,high,negative
417,vhigh,low,5more,4,med,low,negative
418,vhigh,low,5more,4,med,med,negative
419,vhigh,low,5more,4,med,high,negative
420,vhigh,low,5more,4,big,low,negative
421,vhigh,low,5more,4,big,med,negative
422,vhigh,low,5more,4,big,high,negative
423,vhigh,low,5more,more,small,low,negative
424,vhigh,low,5more,more,small,med,negative
425,vhigh,low,5more,more,small,high,negative
426,vhigh,low,5more,more,med,low,negative
427,vhigh,low,5more,more,med,med,negative
428,vhigh,low,5more,more,med,high,negative
429,vhigh,low,5more,more,big,low,negative
430,vhigh,low,5more,more,big,med,negative
431,vhigh,low,5more,more,big,high,negative
432,high,vhigh,2,2,small,low,negative
433,high,vhigh,2,2,small,med,negative
434,high,vhigh,2,2,small,high,negative
435,high,vhigh,2,2,med,low,negative
436,high,vhigh,2,2,med,med,negative
437,high,vhigh,2,2,med,high,negative
438,high,vhigh,2,2,big,low,negative
439,high,vhigh,2,2,big,med,negative
440,high,vhigh,2,2,big,high,negative
441,high,vhigh,2,4,small,low,negative
442,high,vhigh,2,4,small,med,negative
443,high,vhigh,2,4,small,high,negative
444,high,vhigh,2,4,med,low,negative
445,high,vhigh,2,4,med,med,negative
446,high,vhigh,2,4,med,high,negative
447,high,vhigh,2,4,big,low,negative
448,high,vhigh,2,4,big,med,negative
449,high,vhigh,2,4,big,high,negative
450,high,vhigh,2,more,small,low,negative
451,high,vhigh,2,more,small,med,negative
452,high,vhigh,2,more,small,high,negative
453,high,vhigh,2,more,med,low,negative
454,high,vhigh,2,more,med,med,negative
455,high,vhigh,2,more,med,high,negative
456,high,vhigh,2,more,big,low,negative
457,high,vhigh,2,more,big,med,negative
458,high,vhigh,2,more,big,high,negative
459,high,vhigh,3,2,small,low,negative
460,high,vhigh,3,2,small,med,negative
461,high,vhigh,3,2,small,high,negative
462,high,vhigh,3,2,med,low,negative
463,high,vhigh,3,2,med,med,negative
464,high,vhigh,3,2,med,high,negative
465,high,vhigh,3,2,big,low,negative
466,high,vhigh,3,2,big,med,negative
467,high,vhigh,3,2,big,high,negative
468,high,vhigh,3,4,small,low,negative
469,high,vhigh,3,4,small,med,negative
470,high,vhigh,3,4,small,high,negative
471,high,vhigh,3,4,med,low,negative
472,high,vhigh,3,4,med,med,negative
473,high,vhigh,3,4,med,high,negative
474,high,vhigh,3,4,big,low,negative
475,high,vhigh,3,4,big,med,negative
476,high,vhigh,3,4,big,high,negative
477,high,vhigh,3,more,small,low,negative
478,high,vhigh,3,more,small,med,negative
479,high,vhigh,3,more,small,high,negative
480,high,vhigh,3,more,med,low,negative
481,high,vhigh,3,more,med,med,negative
482,high,vhigh,3,more,med,high,negative
483,high,vhigh,3,more,big,low,negative
484,high,vhigh,3,more,big,med,negative
485,high,vhigh,3,more,big,high,negative
486,high,vhigh,4,2,small,low,negative
487,high,vhigh,4,2,small,med,negative
488,high,vhigh,4,2,small,high,negative
489,high,vhigh,4,2,med,low,negative
490,high,vhigh,4,2,med,med,negative
491,high,vhigh,4,2,med,high,negative
492,high,vhigh,4,2,big,low,negative
493,high,vhigh,4,2,big,med,negative
494,high,vhigh,4,2,big,high,negative
495,high,vhigh,4,4,small,low,negative
496,high,vhigh,4,4,small,med,negative
497,high,vhigh,4,4,small,high,negative
498,high,vhigh,4,4,med,low,negative
499,high,vhigh,4,4,med,med,negative
500,high,vhigh,4,4,med,high,negative
501,high,vhigh,4,4,big,low,negative
502,high,vhigh,4,4,big,med,negative
503,high,vhigh,4,4,big,high,negative
504,high,vhigh,4,more,small,low,negative
505,high,vhigh,4,more,small,med,negative
506,high,vhigh,4,more,small,high,negative
507,high,vhigh,4,more,med,low,negative
508,high,vhigh,4,more,med,med,negative
509,high,vhigh,4,more,med,high,negative
510,high,vhigh,4,more,big,low,negative
511,high,vhigh,4,more,big,med,negative
512,high,vhigh,4,more,big,high,negative
513,high,vhigh,5more,2,small,low,negative
514,high,vhigh,5more,2,small,med,negative
515,high,vhigh,5more,2,small,high,negative
516,high,vhigh,5more,2,med,low,negative
517,high,vhigh,5more,2,med,med,negative
518,high,vhigh,5more,2,med,high,negative
519,high,vhigh,5more,2,big,low,negative
520,high,vhigh,5more,2,big,med,negative
521,high,vhigh,5more,2,big,high,negative
522,high,vhigh,5more,4,small,low,negative
523,high,vhigh,5more,4,small,med,negative
524,high,vhigh,5more,4,small,high,negative
525,high,vhigh,5more,4,med,low,negative
526,high,vhigh,5more,4,med,med,negative
527,high,vhigh,5more,4,med,high,negative
528,high,vhigh,5more,4,big,low,negative
529,high,vhigh,5more,4,big,med,negative
530,high,vhigh,5more,4,big,high,negative
531,high,vhigh,5more,more,small,low,negative
532,high,vhigh,5more,more,small,med,negative
533,high,vhigh,5more,more,small,high,negative
534,high,vhigh,5more,more,med,low,negative
535,high,vhigh,5more,more,med,med,negative
536,high,vhigh,5more,more,med,high,negative
537,high,vhigh,5more,more,big,low,negative
538,high,vhigh,5more,more,big,med,negative
539,high,vhigh,5more,more,big,high,negative
540,high,high,2,2,small,low,negative
541,high,high,2,2,small,med,negative
542,high,high,2,2,small,high,negative
543,high,high,2,2,med,low,negative
544,high,high,2,2,med,med,negative
545,high,high,2,2,med,high,negative
546,high,high,2,2,big,low,negative
547,high,high,2,2,big,med,negative
548,high,high,2,2,big,high,negative
549,high,high,2,4,small,low,negative
550,high,high,2,4,small,med,negative
551,high,high,2,4,small,high,negative
552,high,high,2,4,med,low,negative
553,high,high,2,4,med,med,negative
554,high,high,2,4,med,high,negative
555,high,high,2,4,big,low,negative
556,high,high,2,4,big,med,negative
557,high,high,2,4,big,high,negative
558,high,high,2,more,small,low,negative
559,high,high,2,more,small,med,negative
560,high,high,2,more,small,high,negative
561,high,high,2,more,med,low,negative
562,high,high,2,more,med,med,negative
563,high,high,2,more,med,high,negative
564,high,high,2,more,big,low,negative
565,high,high,2,more,big,med,negative
566,high,high,2,more,big,high,negative
567,high,high,3,2,small,low,negative
568,high,high,3,2,small,med,negative
569,high,high,3,2,small,high,negative
570,high,high,3,2,med,low,negative
571,high,high,3,2,med,med,negative
572,high,high,3,2,med,high,negative
573,high,high,3,2,big,low,negative
574,high,high,3,2,big,med,negative
575,high,high,3,2,big,high,negative
576,high,high,3,4,small,low,negative
577,high,high,3,4,small,med,negative
578,high,high,3,4,small,high,negative
579,high,high,3,4,med,low,negative
580,high,high,3,4,med,med,negative
581,high,high,3,4,med,high,negative
582,high,high,3,4,big,low,negative
583,high,high,3,4,big,med,negative
584,high,high,3,4,big,high,negative
585,high,high,3,more,small,low,negative
586,high,high,3,more,small,med,negative
587,high,high,3,more,small,high,negative
588,high,high,3,more,med,low,negative
589,high,high,3,more,med,med,negative
590,high,high,3,more,med,high,negative
591,high,high,3,more,big,low,negative
592,high,high,3,more,big,med,negative
593,high,high,3,more,big,high,negative
594,high,high,4,2,small,low,negative
595,high,high,4,2,small,med,negative
596,high,high,4,2,small,high,negative
597,high,high,4,2,med,low,negative
598,high,high,4,2,med,med,negative
599,high,high,4,2,med,high,negative
600,high,high,4,2,big,low,negative
601,high,high,4,2,big,med,negative
602,high,high,4,2,big,high,negative
603,high,high,4,4,small,low,negative
604,high,high,4,4,small,med,negative
605,high,high,4,4,small,high,negative
606,high,high,4,4,med,low,negative
607,high,high,4,4,med,med,negative
608,high,high,4,4,med,high,negative
609,high,high,4,4,big,low,negative
610,high,high,4,4,big,med,negative
611,high,high,4,4,big,high,negative
612,high,high,4,more,small,low,negative
613,high,high,4,more,small,med,negative
614,high,high,4,more,small,high,negative
615,high,high,4,more,med,low,negative
616,high,high,4,more,med,med,negative
617,high,high,4,more,med,high,negative
618,high,high,4,more,big,low,negative
619,high,high,4,more,big,med,negative
620,high,high,4,more,big,high,negative
621,high,high,5more,2,small,low,negative
622,high,high,5more,2,small,med,negative
623,high,high,5more,2,small,high,negative
624,high,high,5more,2,med,low,negative
625,high,high,5more,2,med,med,negative
626,high,high,5more,2,med,high,negative
627,high,high,5more,2,big,low,negative
628,high,high,5more,2,big,med,negative
629,high,high,5more,2,big,high,negative
630,high,high,5more,4,small,low,negative
631,high,high,5more,4,small,med,negative
632,high,high,5more,4,small,high,negative
633,high,high,5more,4,med,low,negative
634,high,high,5more,4,med,med,negative
635,high,high,5more,4,med,high,negative
636,high,high,5more,4,big,low,negative
637,high,high,5more,4,big,med,negative
638,high,high,5more,4,big,high,negative
639,high,high,5more,more,small,low,negative
640,high,high,5more,more,small,med,negative
641,high,high,5more,more,small,high,negative
642,high,high,5more,more,med,low,negative
643,high,high,5more,more,med,med,negative
644,high,high,5more,more,med,high,negative
645,high,high,5more,more,big,low,negative
646,high,high,5more,more,big,med,negative
647,high,high,5more,more,big,high,negative
648,high,med,2,2,small,low,negative
649,high,med,2,2,small,med,negative
650,high,med,2,2,small,high,negative
651,high,med,2,2,med,low,negative
652,high,med,2,2,med,med,negative
653,high,med,2,2,med,high,negative
654,high,med,2,2,big,low,negative
655,high,med,2,2,big,med,negative
656,high,med,2,2,big,high,negative
657,high,med,2,4,small,low,negative
658,high,med,2,4,small,med,negative
659,high,med,2,4,small,high,negative
660,high,med,2,4,med,low,negative
661,high,med,2,4,med,med,negative
662,high,med,2,4,med,high,negative
663,high,med,2,4,big,low,negative
664,high,med,2,4,big,med,negative
665,high,med,2,4,big,high,negative
666,high,med,2,more,small,low,negative
667,high,med,2,more,small,med,negative
668,high,med,2,more,small,high,negative
669,high,med,2,more,med,low,negative
670,high,med,2,more,med,med,negative
671,high,med,2,more,med,high,negative
672,high,med,2,more,big,low,negative
673,high,med,2,more,big,med,negative
674,high,med,2,more,big,high,negative
675,high,med,3,2,small,low,negative
676,high,med,3,2,small,med,negative
677,high,med,3,2,small,high,negative
678,high,med,3,2,med,low,negative
679,high,med,3,2,med,med,negative
680,high,med,3,2,med,high,negative
681,high,med,3,2,big,low,negative
682,high,med,3,2,big,med,negative
683,high,med,3,2,big,high,negative
684,high,med,3,4,small,low,negative
685,high,med,3,4,small,med,negative
686,high,med,3,4,small,high,negative
687,high,med,3,4,med,low,negative
688,high,med,3,4,med,med,negative
689,high,med,3,4,med,high,negative
690,high,med,3,4,big,low,negative
691,high,med,3,4,big,med,negative
692,high,med,3,4,big,high,negative
693,high,med,3,more,small,low,negative
694,high,med,3,more,small,med,negative
695,high,med,3,more,small,high,negative
696,high,med,3,more,med,low,negative
697,high,med,3,more,med,med,negative
698,high,med,3,more,med,high,negative
699,high,med,3,more,big,low,negative
700,high,med,3,more,big,med,negative
701,high,med,3,more,big,high,negative
702,high,med,4,2,small,low,negative
703,high,med,4,2,small,med,negative
704,high,med,4,2,small,high,negative
705,high,med,4,2,med,low,negative
706,high,med,4,2,med,med,negative
707,high,med,4,2,med,high,negative
708,high,med,4,2,big,low,negative
709,high,med,4,2,big,med,negative
710,high,med,4,2,big,high,negative
711,high,med,4,4,small,low,negative
712,high,med,4,4,small,med,negative
713,high,med,4,4,small,high,negative
714,high,med,4,4,med,low,negative
715,high,med,4,4,med,med,negative
716,high,med,4,4,med,high,negative
717,high,med,4,4,big,low,negative
718,high,med,4,4,big,med,negative
719,high,med,4,4,big,high,negative
720,high,med,4,more,small,low,negative
721,high,med,4,more,small,med,negative
722,high,med,4,more,small,high,negative
723,high,med,4,more,med,low,negative
724,high,med,4,more,med,med,negative
725,high,med,4,more,med,high,negative
726,high,med,4,more,big,low,negative
727,high,med,4,more,big,med,negative
728,high,med,4,more,big,high,negative
729,high,med,5more,2,small,low,negative
730,high,med,5more,2,small,med,negative
731,high,med,5more,2,small,high,negative
732,high,med,5more,2,med,low,negative
733,high,med,5more,2,med,med,negative
734,high,med,5more,2,med,high,negative
735,high,med,5more,2,big,low,negative
736,high,med,5more,2,big,med,negative
737,high,med,5more,2,big,high,negative
738,high,med,5more,4,small,low,negative
739,high,med,5more,4,small,med,negative
740,high,med,5more,4,small,high,negative
741,high,med,5more,4,med,low,negative
742,high,med,5more,4,med,med,negative
743,high,med,5more,4,med,high,negative
744,high,med,5more,4,big,low,negative
745,high,med,5more,4,big,med,negative
746,high,med,5more,4,big,high,negative
747,high,med,5more,more,small,low,negative
748,high,med,5more,more,small,med,negative
749,high,med,5more,more,small,high,negative
750,high,med,5more,more,med,low,negative
751,high,med,5more,more,med,med,negative
752,high,med,5more,more,med,high,negative
753,high,med,5more,more,big,low,negative
754,high,med,5more,more,big,med,negative
755,high,med,5more,more,big,high,negative
756,high,low,2,2,small,low,negative
757,high,low,2,2,small,med,negative
758,high,low,2,2,small,high,negative
759,high,low,2,2,med,low,negative
760,high,low,2,2,med,med,negative
761,high,low,2,2,med,high,negative
762,high,low,2,2,big,low,negative
763,high,low,2,2,big,med,negative
764,high,low,2,2,big,high,negative
765,high,low,2,4,small,low,negative
766,high,low,2,4,small,med,negative
767,high,low,2,4,small,high,negative
768,high,low,2,4,med,low,negative
769,high,low,2,4,med,med,negative
770,high,low,2,4,med,high,negative
771,high,low,2,4,big,low,negative
772,high,low,2,4,big,med,negative
773,high,low,2,4,big,high,negative
774,high,low,2,more,small,low,negative
775,high,low,2,more,small,med,negative
776,high,low,2,more,small,high,negative
777,high,low,2,more,med,low,negative
778,high,low,2,more,med,med,negative
779,high,low,2,more,med,high,negative
780,high,low,2,more,big,low,negative
781,high,low,2,more,big,med,negative
782,high,low,2,more,big,high,negative
783,high,low,3,2,small,low,negative
784,high,low,3,2,small,med,negative
785,high,low,3,2,small,high,negative
786,high,low,3,2,med,low,negative
787,high,low,3,2,med,med,negative
788,high,low,3,2,med,high,negative
789,high,low,3,2,big,low,negative
790,high,low,3,2,big,med,negative
791,high,low,3,2,big,high,negative
792,high,low,3,4,small,low,negative
793,high,low,3,4,small,med,negative
794,high,low,3,4,small,high,negative
795,high,low,3,4,med,low,negative
796,high,low,3,4,med,med,negative
797,high,low,3,4,med,high,negative
798,high,low,3,4,big,low,negative
799,high,low,3,4,big,med,negative
800,high,low,3,4,big,high,negative
801,high,low,3,more,small,low,negative
802,high,low,3,more,small,med,negative
803,high,low,3,more,small,high,negative
804,high,low,3,more,med,low,negative
805,high,low,3,more,med,med,negative
806,high,low,3,more,med,high,negative
807,high,low,3,more,big,low,negative
808,high,low,3,more,big,med,negative
809,high,low,3,more,big,high,negative
810,high,low,4,2,small,low,negative
811,high,low,4,2,small,med,negative
812,high,low,4,2,small,high,negative
813,high,low,4,2,med,low,negative
814,high,low,4,2,med,med,negative
815,high,low,4,2,med,high,negative
816,high,low,4,2,big,low,negative
817,high,low,4,2,big,med,negative
818,high,low,4,2,big,high,negative
819,high,low,4,4,small,low,negative
820,high,low,4,4,small,med,negative
821,high,low,4,4,small,high,negative
822,high,low,4,4,med,low,negative
823,high,low,4,4,med,med,negative
824,high,low,4,4,med,high,negative
825,high,low,4,4,big,low,negative
826,high,low,4,4,big,med,negative
827,high,low,4,4,big,high,negative
828,high,low,4,more,small,low,negative
829,high,low,4,more,small,med,negative
830,high,low,4,more,small,high,negative
831,high,low,4,more,med,low,negative
832,high,low,4,more,med,med,negative
833,high,low,4,more,med,high,negative
834,high,low,4,more,big,low,negative
835,high,low,4,more,big,med,negative
836,high,low,4,more,big,high,negative
837,high,low,5more,2,small,low,negative
838,high,low,5more,2,small,med,negative
839,high,low,5more,2,small,high,negative
840,high,low,5more,2,med,low,negative
841,high,low,5more,2,med,med,negative
842,high,low,5more,2,med,high,negative
843,high,low,5more,2,big,low,negative
844,high,low,5more,2,big,med,negative
845,high,low,5more,2,big,high,negative
846,high,low,5more,4,small,low,negative
847,high,low,5more,4,small,med,negative
848,high,low,5more,4,small,high,negative
849,high,low,5more,4,med,low,negative
850,high,low,5more,4,med,med,negative
851,high,low,5more,4,med,high,negative
852,high,low,5more,4,big,low,negative
853,high,low,5more,4,big,med,negative
854,high,low,5more,4,big,high,negative
855,high,low,5more,more,small,low,negative
856,high,low,5more,more,small,med,negative
857,high,low,5more,more,small,high,negative
858,high,low,5more,more,med,low,negative
859,high,low,5more,more,med,med,negative
860,high,low,5more,more,med,high,negative
861,high,low,5more,more,big,low,negative
862,high,low,5more,more,big,med,negative
863,high,low,5more,more,big,high,negative
864,med,vhigh,2,2,small,low,negative
865,med,vhigh,2,2,small,med,negative
866,med,vhigh,2,2,small,high,negative
867,med,vhigh,2,2,med,low,negative
868,med,vhigh,2,2,med,med,negative
869,med,vhigh,2,2,med,high,negative
870,med,vhigh,2,2,big,low,negative
871,med,vhigh,2,2,big,med,negative
872,med,vhigh,2,2,big,high,negative
873,med,vhigh,2,4,small,low,negative
874,med,vhigh,2,4,small,med,negative
875,med,vhigh,2,4,small,high,negative
876,med,vhigh,2,4,med,low,negative
877,med,vhigh,2,4,med,med,negative
878,med,vhigh,2,4,med,high,negative
879,med,vhigh,2,4,big,low,negative
880,med,vhigh,2,4,big,med,negative
881,med,vhigh,2,4,big,high,negative
882,med,vhigh,2,more,small,low,negative
883,med,vhigh,2,more,small,med,negative
884,med,vhigh,2,more,small,high,negative
885,med,vhigh,2,more,med,low,negative
886,med,vhigh,2,more,med,med,negative
887,med,vhigh,2,more,med,high,negative
888,med,vhigh,2,more,big,low,negative
889,med,vhigh,2,more,big,med,negative
890,med,vhigh,2,more,big,high,negative
891,med,vhigh,3,2,small,low,negative
892,med,vhigh,3,2,small,med,negative
893,med,vhigh,3,2,small,high,negative
894,med,vhigh,3,2,med,low,negative
895,med,vhigh,3,2,med,med,negative
896,med,vhigh,3,2,med,high,negative
897,med,vhigh,3,2,big,low,negative
898,med,vhigh,3,2,big,med,negative
899,med,vhigh,3,2,big,high,negative
900,med,vhigh,3,4,small,low,negative
901,med,vhigh,3,4,small,med,negative
902,med,vhigh,3,4,small,high,negative
903,med,vhigh,3,4,med,low,negative
904,med,vhigh,3,4,med,med,negative
905,med,vhigh,3,4,med,high,negative
906,med,vhigh,3,4,big,low,negative
907,med,vhigh,3,4,big,med,negative
908,med,vhigh,3,4,big,high,negative
909,med,vhigh,3,more,small,low,negative
910,med,vhigh,3,more,small,med,negative
911,med,vhigh,3,more,small,high,negative
912,med,vhigh,3,more,med,low,negative
913,med,vhigh,3,more,med,med,negative
914,med,vhigh,3,more,med,high,negative
915,med,vhigh,3,more,big,low,negative
916,med,vhigh,3,more,big,med,negative
917,med,vhigh,3,more,big,high,negative
918,med,vhigh,4,2,small,low,negative
919,med,vhigh,4,2,small,med,negative
920,med,vhigh,4,2,small,high,negative
921,med,vhigh,4,2,med,low,negative
922,med,vhigh,4,2,med,med,negative
923,med,vhigh,4,2,med,high,negative
924,med,vhigh,4,2,big,low,negative
925,med,vhigh,4,2,big,med,negative
926,med,vhigh,4,2,big,high,negative
927,med,vhigh,4,4,small,low,negative
928,med,vhigh,4,4,small,med,negative
929,med,vhigh,4,4,small,high,negative
930,med,vhigh,4,4,med,low,negative
931,med,vhigh,4,4,med,med,negative
932,med,vhigh,4,4,med,high,negative
933,med,vhigh,4,4,big,low,negative
934,med,vhigh,4,4,big,med,negative
935,med,vhigh,4,4,big,high,negative
936,med,vhigh,4,more,small,low,negative
937,med,vhigh,4,more,small,med,negative
938,med,vhigh,4,more,small,high,negative
939,med,vhigh,4,more,med,low,negative
940,med,vhigh,4,more,med,med,negative
941,med,vhigh,4,more,med,high,negative
942,med,vhigh,4,more,big,low,negative
943,med,vhigh,4,more,big,med,negative
944,med,vhigh,4,more,big,high,negative
945,med,vhigh,5more,2,small,low,negative
946,med,vhigh,5more,2,small,med,negative
947,med,vhigh,5more,2,small,high,negative
948,med,vhigh,5more,2,med,low,negative
949,med,vhigh,5more,2,med,med,negative
950,med,vhigh,5more,2,med,high,negative
951,med,vhigh,5more,2,big,low,negative
952,med,vhigh,5more,2,big,med,negative
953,med,vhigh,5more,2,big,high,negative
954,med,vhigh,5more,4,small,low,negative
955,med,vhigh,5more,4,small,med,negative
956,med,vhigh,5more,4,small,high,negative
957,med,vhigh,5more,4,med,low,negative
958,med,vhigh,5more,4,med,med,negative
959,med,vhigh,5more,4,med,high,negative
960,med,vhigh,5more,4,big,low,negative
961,med,vhigh,5more,4,big,med,negative
962,med,vhigh,5more,4,big,high,negative
963,med,vhigh,5more,more,small,low,negative
964,med,vhigh,5more,more,small,med,negative
965,med,vhigh,5more,more,small,high,negative
966,med,vhigh,5more,more,med,low,negative
967,med,vhigh,5more,more,med,med,negative
968,med,vhigh,5more,more,med,high,negative
969,med,vhigh,5more,more,big,low,negative
970,med,vhigh,5more,more,big,med,negative
971,med,vhigh,5more,more,big,high,negative
972,med,high,2,2,small,low,negative
973,med,high,2,2,small,med,negative
974,med,high,2,2,small,high,negative
975,med,high,2,2,med,low,negative
976,med,high,2,2,med,med,negative
977,med,high,2,2,med,high,negative
978,med,high,2,2,big,low,negative
979,med,high,2,2,big,med,negative
980,med,high,2,2,big,high,negative
981,med,high,2,4,small,low,negative
982,med,high,2,4,small,med,negative
983,med,high,2,4,small,high,negative
984,med,high,2,4,med,low,negative
985,med,high,2,4,med,med,negative
986,med,high,2,4,med,high,negative
987,med,high,2,4,big,low,negative
988,med,high,2,4,big,med,negative
989,med,high,2,4,big,high,negative
990,med,high,2,more,small,low,negative
991,med,high,2,more,small,med,negative
992,med,high,2,more,small,high,negative
993,med,high,2,more,med,low,negative
994,med,high,2,more,med,med,negative
995,med,high,2,more,med,high,negative
996,med,high,2,more,big,low,negative
997,med,high,2,more,big,med,negative
998,med,high,2,more,big,high,negative
999,med,high,3,2,small,low,negative
1000,med,high,3,2,small,med,negative
1001,med,high,3,2,small,high,negative
1002,med,high,3,2,med,low,negative
1003,med,high,3,2,med,med,negative
1004,med,high,3,2,med,high,negative
1005,med,high,3,2,big,low,negative
1006,med,high,3,2,big,med,negative
1007,med,high,3,2,big,high,negative
1008,med,high,3,4,small,low,negative
1009,med,high,3,4,small,med,negative
1010,med,high,3,4,small,high,negative
1011,med,high,3,4,med,low,negative
1012,med,high,3,4,med,med,negative
1013,med,high,3,4,med,high,negative
1014,med,high,3,4,big,low,negative
1015,med,high,3,4,big,med,negative
1016,med,high,3,4,big,high,negative
1017,med,high,3,more,small,low,negative
1018,med,high,3,more,small,med,negative
1019,med,high,3,more,small,high,negative
1020,med,high,3,more,med,low,negative
1021,med,high,3,more,med,med,negative
1022,med,high,3,more,med,high,negative
1023,med,high,3,more,big,low,negative
1024,med,high,3,more,big,med,negative
1025,med,high,3,more,big,high,negative
1026,med,high,4,2,small,low,negative
1027,med,high,4,2,small,med,negative
1028,med,high,4,2,small,high,negative
1029,med,high,4,2,med,low,negative
1030,med,high,4,2,med,med,negative
1031,med,high,4,2,med,high,negative
1032,med,high,4,2,big,low,negative
1033,med,high,4,2,big,med,negative
1034,med,high,4,2,big,high,negative
1035,med,high,4,4,small,low,negative
1036,med,high,4,4,small,med,negative
1037,med,high,4,4,small,high,negative
1038,med,high,4,4,med,low,negative
1039,med,high,4,4,med,med,negative
1040,med,high,4,4,med,high,negative
1041,med,high,4,4,big,low,negative
1042,med,high,4,4,big,med,negative
1043,med,high,4,4,big,high,negative
1044,med,high,4,more,small,low,negative
1045,med,high,4,more,small,med,negative
1046,med,high,4,more,small,high,negative
1047,med,high,4,more,med,low,negative
1048,med,high,4,more,med,med,negative
1049,med,high,4,more,med,high,negative
1050,med,high,4,more,big,low,negative
1051,med,high,4,more,big,med,negative
1052,med,high,4,more,big,high,negative
1053,med,high,5more,2,small,low,negative
1054,med,high,5more,2,small,med,negative
1055,med,high,5more,2,small,high,negative
1056,med,high,5more,2,med,low,negative
1057,med,high,5more,2,med,med,negative
1058,med,high,5more,2,med,high,negative
1059,med,high,5more,2,big,low,negative
1060,med,high,5more,2,big,med,negative
1061,med,high,5more,2,big,high,negative
1062,med,high,5more,4,small,low,negative
1063,med,high,5more,4,small,med,negative
1064,med,high,5more,4,small,high,negative
1065,med,high,5more,4,med,low,negative
1066,med,high,5more,4,med,med,negative
1067,med,high,5more,4,med,high,negative
1068,med,high,5more,4,big,low,negative
1069,med,high,5more,4,big,med,negative
1070,med,high,5more,4,big,high,negative
1071,med,high,5more,more,small,low,negative
1072,med,high,5more,more,small,med,negative
1073,med,high,5more,more,small,high,negative
1074,med,high,5more,more,med,low,negative
1075,med,high,5more,more,med,med,negative
1076,med,high,5more,more,med,high,negative
1077,med,high,5more,more,big,low,negative
1078,med,high,5more,more,big,med,negative
1079,med,high,5more,more,big,high,negative
1080,med,med,2,2,small,low,negative
1081,med,med,2,2,small,med,negative
1082,med,med,2,2,small,high,negative
1083,med,med,2,2,med,low,negative
1084,med,med,2,2,med,med,negative
1085,med,med,2,2,med,high,negative
1086,med,med,2,2,big,low,negative
1087,med,med,2,2,big,med,negative
1088,med,med,2,2,big,high,negative
1089,med,med,2,4,small,low,negative
1090,med,med,2,4,small,med,negative
1091,med,med,2,4,small,high,negative
1092,med,med,2,4,med,low,negative
1093,med,med,2,4,med,med,negative
1094,med,med,2,4,med,high,negative
1095,med,med,2,4,big,low,negative
1096,med,med,2,4,big,med,negative
1097,med,med,2,4,big,high,negative
1098,med,med,2,more,small,low,negative
1099,med,med,2,more,small,med,negative
1100,med,med,2,more,small,high,negative
1101,med,med,2,more,med,low,negative
1102,med,med,2,more,med,med,negative
1103,med,med,2,more,med,high,negative
1104,med,med,2,more,big,low,negative
1105,med,med,2,more,big,med,negative
1106,med,med,2,more,big,high,negative
1107,med,med,3,2,small,low,negative
1108,med,med,3,2,small,med,negative
1109,med,med,3,2,small,high,negative
1110,med,med,3,2,med,low,negative
1111,med,med,3,2,med,med,negative
1112,med,med,3,2,med,high,negative
1113,med,med,3,2,big,low,negative
1114,med,med,3,2,big,med,negative
1115,med,med,3,2,big,high,negative
1116,med,med,3,4,small,low,negative
1117,med,med,3,4,small,med,negative
1118,med,med,3,4,small,high,negative
1119,med,med,3,4,med,low,negative
1120,med,med,3,4,med,med,negative
1121,med,med,3,4,med,high,negative
1122,med,med,3,4,big,low,negative
1123,med,med,3,4,big,med,negative
1124,med,med,3,4,big,high,negative
1125,med,med,3,more,small,low,negative
1126,med,med,3,more,small,med,negative
1127,med,med,3,more,small,high,negative
1128,med,med,3,more,med,low,negative
1129,med,med,3,more,med,med,negative
1130,med,med,3,more,med,high,negative
1131,med,med,3,more,big,low,negative
1132,med,med,3,more,big,med,negative
1133,med,med,3,more,big,high,negative
1134,med,med,4,2,small,low,negative
1135,med,med,4,2,small,med,negative
1136,med,med,4,2,small,high,negative
1137,med,med,4,2,med,low,negative
1138,med,med,4,2,med,med,negative
1139,med,med,4,2,med,high,negative
1140,med,med,4,2,big,low,negative
1141,med,med,4,2,big,med,negative
1142,med,med,4,2,big,high,negative
1143,med,med,4,4,small,low,negative
1144,med,med,4,4,small,med,negative
1145,med,med,4,4,small,high,negative
1146,med,med,4,4,med,low,negative
1147,med,med,4,4,med,med,negative
1148,med,med,4,4,med,high,negative
1149,med,med,4,4,big,low,negative
1150,med,med,4,4,big,med,negative
1151,med,med,4,4,big,high,negative
1152,med,med,4,more,small,low,negative
1153,med,med,4,more,small,med,negative
1154,med,med,4,more,small,high,negative
1155,med,med,4,more,med,low,negative
1156,med,med,4,more,med,med,negative
1157,med,med,4,more,med,high,negative
1158,med,med,4,more,big,low,negative
1159,med,med,4,more,big,med,negative
1160,med,med,4,more,big,high,negative
1161,med,med,5more,2,small,low,negative
1162,med,med,5more,2,small,med,negative
1163,med,med,5more,2,small,high,negative
1164,med,med,5more,2,med,low,negative
1165,med,med,5more,2,med,med,negative
1166,med,med,5more,2,med,high,negative
1167,med,med,5more,2,big,low,negative
1168,med,med,5more,2,big,med,negative
1169,med,med,5more,2,big,high,negative
1170,med,med,5more,4,small,low,negative
1171,med,med,5more,4,small,med,negative
1172,med,med,5more,4,small,high,negative
1173,med,med,5more,4,med,low,negative
1174,med,med,5more,4,med,med,negative
1175,med,med,5more,4,med,high,negative
1176,med,med,5more,4,big,low,negative
1177,med,med,5more,4,big,med,negative
1178,med,med,5more,4,big,high,negative
1179,med,med,5more,more,small,low,negative
1180,med,med,5more,more,small,med,negative
1181,med,med,5more,more,small,high,negative
1182,med,med,5more,more,med,low,negative
1183,med,med,5more,more,med,med,negative
1184,med,med,5more,more,med,high,negative
1185,med,med,5more,more,big,low,negative
1186,med,med,5more,more,big,med,negative
1187,med,med,5more,more,big,high,negative
1188,med,low,2,2,small,low,negative
1189,med,low,2,2,small,med,negative
1190,med,low,2,2,small,high,negative
1191,med,low,2,2,med,low,negative
1192,med,low,2,2,med,med,negative
1193,med,low,2,2,med,high,negative
1194,med,low,2,2,big,low,negative
1195,med,low,2,2,big,med,negative
1196,med,low,2,2,big,high,negative
1197,med,low,2,4,small,low,negative
1198,med,low,2,4,small,med,negative
1199,med,low,2,4,small,high,positive
1200,med,low,2,4,med,low,negative
1201,med,low,2,4,med,med,negative
1202,med,low,2,4,med,high,positive
1203,med,low,2,4,big,low,negative
1204,med,low,2,4,big,med,positive
1205,med,low,2,4,big,high,negative
1206,med,low,2,more,small,low,negative
1207,med,low,2,more,small,med,negative
1208,med,low,2,more,small,high,negative
1209,med,low,2,more,med,low,negative
1210,med,low,2,more,med,med,negative
1211,med,low,2,more,med,high,positive
1212,med,low,2,more,big,low,negative
1213,med,low,2,more,big,med,positive
1214,med,low,2,more,big,high,negative
1215,med,low,3,2,small,low,negative
1216,med,low,3,2,small,med,negative
1217,med,low,3,2,small,high,negative
1218,med,low,3,2,med,low,negative
1219,med,low,3,2,med,med,negative
1220,med,low,3,2,med,high,negative
1221,med,low,3,2,big,low,negative
1222,med,low,3,2,big,med,negative
1223,med,low,3,2,big,high,negative
1224,med,low,3,4,small,low,negative
1225,med,low,3,4,small,med,negative
1226,med,low,3,4,small,high,positive
1227,med,low,3,4,med,low,negative
1228,med,low,3,4,med,med,negative
1229,med,low,3,4,med,high,positive
1230,med,low,3,4,big,low,negative
1231,med,low,3,4,big,med,positive
1232,med,low,3,4,big,high,negative
1233,med,low,3,more,small,low,negative
1234,med,low,3,more,small,med,negative
1235,med,low,3,more,small,high,positive
1236,med,low,3,more,med,low,negative
1237,med,low,3,more,med,med,positive
1238,med,low,3,more,med,high,negative
1239,med,low,3,more,big,low,negative
1240,med,low,3,more,big,med,positive
1241,med,low,3,more,big,high,negative
1242,med,low,4,2,small,low,negative
1243,med,low,4,2,small,med,negative
1244,med,low,4,2,small,high,negative
1245,med,low,4,2,med,low,negative
1246,med,low,4,2,med,med,negative
1247,med,low,4,2,med,high,negative
1248,med,low,4,2,big,low,negative
1249,med,low,4,2,big,med,negative
1250,med,low,4,2,big,high,negative
1251,med,low,4,4,small,low,negative
1252,med,low,4,4,small,med,negative
1253,med,low,4,4,small,high,positive
1254,med,low,4,4,med,low,negative
1255,med,low,4,4,med,med,positive
1256,med,low,4,4,med,high,negative
1257,med,low,4,4,big,low,negative
1258,med,low,4,4,big,med,positive
1259,med,low,4,4,big,high,negative
1260,med,low,4,more,small,low,negative
1261,med,low,4,more,small,med,negative
1262,med,low,4,more,small,high,positive
1263,med,low,4,more,med,low,negative
1264,med,low,4,more,med,med,positive
1265,med,low,4,more,med,high,negative
1266,med,low,4,more,big,low,negative
1267,med,low,4,more,big,med,positive
1268,med,low,4,more,big,high,negative
1269,med,low,5more,2,small,low,negative
1270,med,low,5more,2,small,med,negative
1271,med,low,5more,2,small,high,negative
1272,med,low,5more,2,med,low,negative
1273,med,low,5more,2,med,med,negative
1274,med,low,5more,2,med,high,negative
1275,med,low,5more,2,big,low,negative
1276,med,low,5more,2,big,med,negative
1277,med,low,5more,2,big,high,negative
1278,med,low,5more,4,small,low,negative
1279,med,low,5more,4,small,med,negative
1280,med,low,5more,4,small,high,positive
1281,med,low,5more,4,med,low,negative
1282,med,low,5more,4,med,med,positive
1283,med,low,5more,4,med,high,negative
1284,med,low,5more,4,big,low,negative
1285,med,low,5more,4,big,med,positive
1286,med,low,5more,4,big,high,negative
1287,med,low,5more,more,small,low,negative
1288,med,low,5more,more,small,med,negative
1289,med,low,5more,more,small,high,positive
1290,med,low,5more,more,med,low,negative
1291,med,low,5more,more,med,med,positive
1292,med,low,5more,more,med,high,negative
1293,med,low,5more,more,big,low,negative
1294,med,low,5more,more,big,med,positive
1295,med,low,5more,more,big,high,negative
1296,low,vhigh,2,2,small,low,negative
1297,low,vhigh,2,2,small,med,negative
1298,low,vhigh,2,2,small,high,negative
1299,low,vhigh,2,2,med,low,negative
1300,low,vhigh,2,2,med,med,negative
1301,low,vhigh,2,2,med,high,negative
1302,low,vhigh,2,2,big,low,negative
1303,low,vhigh,2,2,big,med,negative
1304,low,vhigh,2,2,big,high,negative
1305,low,vhigh,2,4,small,low,negative
1306,low,vhigh,2,4,small,med,negative
1307,low,vhigh,2,4,small,high,negative
1308,low,vhigh,2,4,med,low,negative
1309,low,vhigh,2,4,med,med,negative
1310,low,vhigh,2,4,med,high,negative
1311,low,vhigh,2,4,big,low,negative
1312,low,vhigh,2,4,big,med,negative
1313,low,vhigh,2,4,big,high,negative
1314,low,vhigh,2,more,small,low,negative
1315,low,vhigh,2,more,small,med,negative
1316,low,vhigh,2,more,small,high,negative
1317,low,vhigh,2,more,med,low,negative
1318,low,vhigh,2,more,med,med,negative
1319,low,vhigh,2,more,med,high,negative
1320,low,vhigh,2,more,big,low,negative
1321,low,vhigh,2,more,big,med,negative
1322,low,vhigh,2,more,big,high,negative
1323,low,vhigh,3,2,small,low,negative
1324,low,vhigh,3,2,small,med,negative
1325,low,vhigh,3,2,small,high,negative
1326,low,vhigh,3,2,med,low,negative
1327,low,vhigh,3,2,med,med,negative
1328,low,vhigh,3,2,med,high,negative
1329,low,vhigh,3,2,big,low,negative
1330,low,vhigh,3,2,big,med,negative
1331,low,vhigh,3,2,big,high,negative
1332,low,vhigh,3,4,small,low,negative
1333,low,vhigh,3,4,small,med,negative
1334,low,vhigh,3,4,small,high,negative
1335,low,vhigh,3,4,med,low,negative
1336,low,vhigh,3,4,med,med,negative
1337,low,vhigh,3,4,med,high,negative
1338,low,vhigh,3,4,big,low,negative
1339,low,vhigh,3,4,big,med,negative
1340,low,vhigh,3,4,big,high,negative
1341,low,vhigh,3,more,small,low,negative
1342,low,vhigh,3,more,small,med,negative
1343,low,vhigh,3,more,small,high,negative
1344,low,vhigh,3,more,med,low,negative
1345,low,vhigh,3,more,med,med,negative
1346,low,vhigh,3,more,med,high,negative
1347,low,vhigh,3,more,big,low,negative
1348,low,vhigh,3,more,big,med,negative
1349,low,vhigh,3,more,big,high,negative
1350,low,vhigh,4,2,small,low,negative
1351,low,vhigh,4,2,small,med,negative
1352,low,vhigh,4,2,small,high,negative
1353,low,vhigh,4,2,med,low,negative
1354,low,vhigh,4,2,med,med,negative
1355,low,vhigh,4,2,med,high,negative
1356,low,vhigh,4,2,big,low,negative
1357,low,vhigh,4,2,big,med,negative
1358,low,vhigh,4,2,big,high,negative
1359,low,vhigh,4,4,small,low,negative
1360,low,vhigh,4,4,small,med,negative
1361,low,vhigh,4,4,small,high,negative
1362,low,vhigh,4,4,med,low,negative
1363,low,vhigh,4,4,med,med,negative
1364,low,vhigh,4,4,med,high,negative
1365,low,vhigh,4,4,big,low,negative
1366,low,vhigh,4,4,big,med,negative
1367,low,vhigh,4,4,big,high,negative
1368,low,vhigh,4,more,small,low,negative
1369,low,vhigh,4,more,small,med,negative
1370,low,vhigh,4,more,small,high,negative
1371,low,vhigh,4,more,med,low,negative
1372,low,vhigh,4,more,med,med,negative
1373,low,vhigh,4,more,med,high,negative
1374,low,vhigh,4,more,big,low,negative
1375,low,vhigh,4,more,big,med,negative
1376,low,vhigh,4,more,big,high,negative
1377,low,vhigh,5more,2,small,low,negative
1378,low,vhigh,5more,2,small,med,negative
1379,low,vhigh,5more,2,small,high,negative
1380,low,vhigh,5more,2,med,low,negative
1381,low,vhigh,5more,2,med,med,negative
1382,low,vhigh,5more,2,med,high,negative
1383,low,vhigh,5more,2,big,low,negative
1384,low,vhigh,5more,2,big,med,negative
1385,low,vhigh,5more,2,big,high,negative
1386,low,vhigh,5more,4,small,low,negative
1387,low,vhigh,5more,4,small,med,negative
1388,low,vhigh,5more,4,small,high,negative
1389,low,vhigh,5more,4,med,low,negative
1390,low,vhigh,5more,4,med,med,negative
1391,low,vhigh,5more,4,med,high,negative
1392,low,vhigh,5more,4,big,low,negative
1393,low,vhigh,5more,4,big,med,negative
1394,low,vhigh,5more,4,big,high,negative
1395,low,vhigh,5more,more,small,low,negative
1396,low,vhigh,5more,more,small,med,negative
1397,low,vhigh,5more,more,small,high,negative
1398,low,vhigh,5more,more,med,low,negative
1399,low,vhigh,5more,more,med,med,negative
1400,low,vhigh,5more,more,med,high,negative
1401,low,vhigh,5more,more,big,low,negative
1402,low,vhigh,5more,more,big,med,negative
1403,low,vhigh,5more,more,big,high,negative
1404,low,high,2,2,small,low,negative
1405,low,high,2,2,small,med,negative
1406,low,high,2,2,small,high,negative
1407,low,high,2,2,med,low,negative
1408,low,high,2,2,med,med,negative
1409,low,high,2,2,med,high,negative
1410,low,high,2,2,big,low,negative
1411,low,high,2,2,big,med,negative
1412,low,high,2,2,big,high,negative
1413,low,high,2,4,small,low,negative
1414,low,high,2,4,small,med,negative
1415,low,high,2,4,small,high,negative
1416,low,high,2,4,med,low,negative
1417,low,high,2,4,med,med,negative
1418,low,high,2,4,med,high,negative
1419,low,high,2,4,big,low,negative
1420,low,high,2,4,big,med,negative
1421,low,high,2,4,big,high,negative
1422,low,high,2,more,small,low,negative
1423,low,high,2,more,small,med,negative
1424,low,high,2,more,small,high,negative
1425,low,high,2,more,med,low,negative
1426,low,high,2,more,med,med,negative
1427,low,high,2,more,med,high,negative
1428,low,high,2,more,big,low,negative
1429,low,high,2,more,big,med,negative
1430,low,high,2,more,big,high,negative
1431,low,high,3,2,small,low,negative
1432,low,high,3,2,small,med,negative
1433,low,high,3,2,small,high,negative
1434,low,high,3,2,med,low,negative
1435,low,high,3,2,med,med,negative
1436,low,high,3,2,med,high,negative
1437,low,high,3,2,big,low,negative
1438,low,high,3,2,big,med,negative
1439,low,high,3,2,big,high,negative
1440,low,high,3,4,small,low,negative
1441,low,high,3,4,small,med,negative
1442,low,high,3,4,small,high,negative
1443,low,high,3,4,med,low,negative
1444,low,high,3,4,med,med,negative
1445,low,high,3,4,med,high,negative
1446,low,high,3,4,big,low,negative
1447,low,high,3,4,big,med,negative
1448,low,high,3,4,big,high,negative
1449,low,high,3,more,small,low,negative
1450,low,high,3,more,small,med,negative
1451,low,high,3,more,small,high,negative
1452,low,high,3,more,med,low,negative
1453,low,high,3,more,med,med,negative
1454,low,high,3,more,med,high,negative
1455,low,high,3,more,big,low,negative
1456,low,high,3,more,big,med,negative
1457,low,high,3,more,big,high,negative
1458,low,high,4,2,small,low,negative
1459,low,high,4,2,small,med,negative
1460,low,high,4,2,small,high,negative
1461,low,high,4,2,med,low,negative
1462,low,high,4,2,med,med,negative
1463,low,high,4,2,med,high,negative
1464,low,high,4,2,big,low,negative
1465,low,high,4,2,big,med,negative
1466,low,high,4,2,big,high,negative
1467,low,high,4,4,small,low,negative
1468,low,high,4,4,small,med,negative
1469,low,high,4,4,small,high,negative
1470,low,high,4,4,med,low,negative
1471,low,high,4,4,med,med,negative
1472,low,high,4,4,med,high,negative
1473,low,high,4,4,big,low,negative
1474,low,high,4,4,big,med,negative
1475,low,high,4,4,big,high,negative
1476,low,high,4,more,small,low,negative
1477,low,high,4,more,small,med,negative
1478,low,high,4,more,small,high,negative
1479,low,high,4,more,med,low,negative
1480,low,high,4,more,med,med,negative
1481,low,high,4,more,med,high,negative
1482,low,high,4,more,big,low,negative
1483,low,high,4,more,big,med,negative
1484,low,high,4,more,big,high,negative
1485,low,high,5more,2,small,low,negative
1486,low,high,5more,2,small,med,negative
1487,low,high,5more,2,small,high,negative
1488,low,high,5more,2,med,low,negative
1489,low,high,5more,2,med,med,negative
1490,low,high,5more,2,med,high,negative
1491,low,high,5more,2,big,low,negative
1492,low,high,5more,2,big,med,negative
1493,low,high,5more,2,big,high,negative
1494,low,high,5more,4,small,low,negative
1495,low,high,5more,4,small,med,negative
1496,low,high,5more,4,small,high,negative
1497,low,high,5more,4,med,low,negative
1498,low,high,5more,4,med,med,negative
1499,low,high,5more,4,med,high,negative
1500,low,high,5more,4,big,low,negative
1501,low,high,5more,4,big,med,negative
1502,low,high,5more,4,big,high,negative
1503,low,high,5more,more,small,low,negative
1504,low,high,5more,more,small,med,negative
1505,low,high,5more,more,small,high,negative
1506,low,high,5more,more,med,low,negative
1507,low,high,5more,more,med,med,negative
1508,low,high,5more,more,med,high,negative
1509,low,high,5more,more,big,low,negative
1510,low,high,5more,more,big,med,negative
1511,low,high,5more,more,big,high,negative
1512,low,med,2,2,small,low,negative
1513,low,med,2,2,small,med,negative
1514,low,med,2,2,small,high,negative
1515,low,med,2,2,med,low,negative
1516,low,med,2,2,med,med,negative
1517,low,med,2,2,med,high,negative
1518,low,med,2,2,big,low,negative
1519,low,med,2,2,big,med,negative
1520,low,med,2,2,big,high,negative
1521,low,med,2,4,small,low,negative
1522,low,med,2,4,small,med,negative
1523,low,med,2,4,small,high,positive
1524,low,med,2,4,med,low,negative
1525,low,med,2,4,med,med,negative
1526,low,med,2,4,med,high,positive
1527,low,med,2,4,big,low,negative
1528,low,med,2,4,big,med,positive
1529,low,med,2,4,big,high,negative
1530,low,med,2,more,small,low,negative
1531,low,med,2,more,small,med,negative
1532,low,med,2,more,small,high,negative
1533,low,med,2,more,med,low,negative
1534,low,med,2,more,med,med,negative
1535,low,med,2,more,med,high,positive
1536,low,med,2,more,big,low,negative
1537,low,med,2,more,big,med,positive
1538,low,med,2,more,big,high,negative
1539,low,med,3,2,small,low,negative
1540,low,med,3,2,small,med,negative
1541,low,med,3,2,small,high,negative
1542,low,med,3,2,med,low,negative
1543,low,med,3,2,med,med,negative
1544,low,med,3,2,med,high,negative
1545,low,med,3,2,big,low,negative
1546,low,med,3,2,big,med,negative
1547,low,med,3,2,big,high,negative
1548,low,med,3,4,small,low,negative
1549,low,med,3,4,small,med,negative
1550,low,med,3,4,small,high,positive
1551,low,med,3,4,med,low,negative
1552,low,med,3,4,med,med,negative
1553,low,med,3,4,med,high,positive
1554,low,med,3,4,big,low,negative
1555,low,med,3,4,big,med,positive
1556,low,med,3,4,big,high,negative
1557,low,med,3,more,small,low,negative
1558,low,med,3,more,small,med,negative
1559,low,med,3,more,small,high,positive
1560,low,med,3,more,med,low,negative
1561,low,med,3,more,med,med,positive
1562,low,med,3,more,med,high,negative
1563,low,med,3,more,big,low,negative
1564,low,med,3,more,big,med,positive
1565,low,med,3,more,big,high,negative
1566,low,med,4,2,small,low,negative
1567,low,med,4,2,small,med,negative
1568,low,med,4,2,small,high,negative
1569,low,med,4,2,med,low,negative
1570,low,med,4,2,med,med,negative
1571,low,med,4,2,med,high,negative
1572,low,med,4,2,big,low,negative
1573,low,med,4,2,big,med,negative
1574,low,med,4,2,big,high,negative
1575,low,med,4,4,small,low,negative
1576,low,med,4,4,small,med,negative
1577,low,med,4,4,small,high,positive
1578,low,med,4,4,med,low,negative
1579,low,med,4,4,med,med,positive
1580,low,med,4,4,med,high,negative
1581,low,med,4,4,big,low,negative
1582,low,med,4,4,big,med,positive
1583,low,med,4,4,big,high,negative
1584,low,med,4,more,small,low,negative
1585,low,med,4,more,small,med,negative
1586,low,med,4,more,small,high,positive
1587,low,med,4,more,med,low,negative
1588,low,med,4,more,med,med,positive
1589,low,med,4,more,med,high,negative
1590,low,med,4,more,big,low,negative
1591,low,med,4,more,big,med,positive
1592,low,med,4,more,big,high,negative
1593,low,med,5more,2,small,low,negative
1594,low,med,5more,2,small,med,negative
1595,low,med,5more,2,small,high,negative
1596,low,med,5more,2,med,low,negative
1597,low,med,5more,2,med,med,negative
1598,low,med,5more,2,med,high,negative
1599,low,med,5more,2,big,low,negative
1600,low,med,5more,2,big,med,negative
1601,low,med,5more,2,big,high,negative
1602,low,med,5more,4,small,low,negative
1603,low,med,5more,4,small,med,negative
1604,low,med,5more,4,small,high,positive
1605,low,med,5more,4,med,low,negative
1606,low,med,5more,4,med,med,positive
1607,low,med,5more,4,med,high,negative
1608,low,med,5more,4,big,low,negative
1609,low,med,5more,4,big,med,positive
1610,low,med,5more,4,big,high,negative
1611,low,med,5more,more,small,low,negative
1612,low,med,5more,more,small,med,negative
1613,low,med,5more,more,small,high,positive
1614,low,med,5more,more,med,low,negative
1615,low,med,5more,more,med,med,positive
1616,low,med,5more,more,med,high,negative
1617,low,med,5more,more,big,low,negative
1618,low,med,5more,more,big,med,positive
1619,low,med,5more,more,big,high,negative
1620,low,low,2,2,small,low,negative
1621,low,low,2,2,small,med,negative
1622,low,low,2,2,small,high,negative
1623,low,low,2,2,med,low,negative
1624,low,low,2,2,med,med,negative
1625,low,low,2,2,med,high,negative
1626,low,low,2,2,big,low,negative
1627,low,low,2,2,big,med,negative
1628,low,low,2,2,big,high,negative
1629,low,low,2,4,small,low,negative
1630,low,low,2,4,small,med,negative
1631,low,low,2,4,small,high,positive
1632,low,low,2,4,med,low,negative
1633,low,low,2,4,med,med,negative
1634,low,low,2,4,med,high,positive
1635,low,low,2,4,big,low,negative
1636,low,low,2,4,big,med,positive
1637,low,low,2,4,big,high,negative
1638,low,low,2,more,small,low,negative
1639,low,low,2,more,small,med,negative
1640,low,low,2,more,small,high,negative
1641,low,low,2,more,med,low,negative
1642,low,low,2,more,med,med,negative
1643,low,low,2,more,med,high,positive
1644,low,low,2,more,big,low,negative
1645,low,low,2,more,big,med,positive
1646,low,low,2,more,big,high,negative
1647,low,low,3,2,small,low,negative
1648,low,low,3,2,small,med,negative
1649,low,low,3,2,small,high,negative
1650,low,low,3,2,med,low,negative
1651,low,low,3,2,med,med,negative
1652,low,low,3,2,med,high,negative
1653,low,low,3,2,big,low,negative
1654,low,low,3,2,big,med,negative
1655,low,low,3,2,big,high,negative
1656,low,low,3,4,small,low,negative
1657,low,low,3,4,small,med,negative
1658,low,low,3,4,small,high,positive
1659,low,low,3,4,med,low,negative
1660,low,low,3,4,med,med,negative
1661,low,low,3,4,med,high,positive
1662,low,low,3,4,big,low,negative
1663,low,low,3,4,big,med,positive
1664,low,low,3,4,big,high,negative
1665,low,low,3,more,small,low,negative
1666,low,low,3,more,small,med,negative
1667,low,low,3,more,small,high,positive
1668,low,low,3,more,med,low,negative
1669,low,low,3,more,med,med,positive
1670,low,low,3,more,med,high,negative
1671,low,low,3,more,big,low,negative
1672,low,low,3,more,big,med,positive
1673,low,low,3,more,big,high,negative
1674,low,low,4,2,small,low,negative
1675,low,low,4,2,small,med,negative
1676,low,low,4,2,small,high,negative
1677,low,low,4,2,med,low,negative
1678,low,low,4,2,med,med,negative
1679,low,low,4,2,med,high,negative
1680,low,low,4,2,big,low,negative
1681,low,low,4,2,big,med,negative
1682,low,low,4,2,big,high,negative
1683,low,low,4,4,small,low,negative
1684,low,low,4,4,small,med,negative
1685,low,low,4,4,small,high,positive
1686,low,low,4,4,med,low,negative
1687,low,low,4,4,med,med,positive
1688,low,low,4,4,med,high,negative
1689,low,low,4,4,big,low,negative
1690,low,low,4,4,big,med,positive
1691,low,low,4,4,big,high,negative
1692,low,low,4,more,small,low,negative
1693,low,low,4,more,small,med,negative
1694,low,low,4,more,small,high,positive
1695,low,low,4,more,med,low,negative
1696,low,low,4,more,med,med,positive
1697,low,low,4,more,med,high,negative
1698,low,low,4,more,big,low,negative
1699,low,low,4,more,big,med,positive
1700,low,low,4,more,big,high,negative
1701,low,low,5more,2,small,low,negative
1702,low,low,5more,2,small,med,negative
1703,low,low,5more,2,small,high,negative
1704,low,low,5more,2,med,low,negative
1705,low,low,5more,2,med,med,negative
1706,low,low,5more,2,med,high,negative
1707,low,low,5more,2,big,low,negative
1708,low,low,5more,2,big,med,negative
1709,low,low,5more,2,big,high,negative
1710,low,low,5more,4,small,low,negative
1711,low,low,5more,4,small,med,negative
1712,low,low,5more,4,small,high,positive
1713,low,low,5more,4,med,low,negative
1714,low,low,5more,4,med,med,positive
1715,low,low,5more,4,med,high,negative
1716,low,low,5more,4,big,low,negative
1717,low,low,5more,4,big,med,positive
1718,low,low,5more,4,big,high,negative
1719,low,low,5more,more,small,low,negative
1720,low,low,5more,more,small,med,negative
1721,low,low,5more,more,small,high,positive
1722,low,low,5more,more,med,low,negative
1723,low,low,5more,more,med,med,positive
1724,low,low,5more,more,med,high,negative
1725,low,low,5more,more,big,low,negative
1726,low,low,5more,more,big,med,positive
1727,low,low,5more,more,big,high,negative
