id,timestamp,cylinder_number,customer,job_number,grain_screened,proof_on_ctd_ink,blade_mfg,paper_type,ink_type,direct_steam,solvent_type,type_on_cylinder,press_type,press,unit_number,cylinder_size,paper_mill_location,plating_tank,proof_cut,viscosity,caliper,ink_temperature,humifity,roughness,blade_pressure,varnish_pct,press_speed,ink_pct,solvent_pct,ESA_Voltage,ESA_Amperage,wax,hardener,roller_durometer,current_density,anode_space_ratio,chrome_content,band_type
182,19900418,j42,wards,36053.0,no,yes,benton,coated,coated,no,line,yes,woodhoe70,815,2.0,tabloid,canadian,1910,45.0,42.0,0.233,16.0,84.0,0.625,28.0,0.0,2220.0,54.3,45.7,0.0,0.0,2.5,1.0,30.0,35,100.0,100,noband
244,19900710,t234,massey,36784.0,yes,yes,benton,uncoated,uncoated,no,xylol,yes,woodhoe70,815,9.0,catalog,northus,1910,37.5,56.0,0.3,14.0,82.0,0.625,28.0,0.0,1700.0,58.8,41.2,2.0,0.0,2.5,0.5,40.0,35,100.0,100,noband
539,19941010,j70,best,38064.0,?,?,?,super,uncoated,?,?,yes,albert70,815,1.0,tabloid,?,1910,,46.0,0.200,14.2,75.0,0.75,25.0,,2050.0,,,,,2.5,1.0,,40,108.1,100,band
390,19901115,o14,target,34554.0,no,yes,benton,uncoated,coated,no,line,yes,motter94,827,9.0,spiegel,northus,1911,45.0,42.0,0.333,14.0,75.0,1.0,20.0,0.0,1800.0,58.9,41.1,8.0,0.0,3.0,2.0,35.0,40,100.0,100,noband
453,19910730,x753,roses,35761.0,no,yes,benton,coated,coated,no,line,yes,motter94,828,9.0,tabloid,?,1910,35.0,59.0,0.2,16.1,84.0,,30.0,0.0,2500.0,55.0,45.0,0.0,0.0,2.5,1.1,30.0,40,100.0,100,noband
352,19901101,x185,tvguide,25445.0,yes,yes,benton,uncoated,uncoated,no,line,yes,motter94,821,7.0,tabloid,northus,1910,52.5,43.0,0.267,15.0,71.0,0.75,28.0,7.4,1500.0,53.2,39.4,0.0,0.0,2.5,1.0,34.0,40,98.3,100,band
255,19900723,f264,uscav,35683.0,yes,yes,benton,uncoated,uncoated,no,line,no,albert70,802,7.0,catalog,northus,1911,62.5,61.0,0.3,14.0,85.0,0.75,50.0,3.5,1660.0,56.8,39.7,2.0,0.0,3.0,1.0,32.0,40,93.75,100,noband
305,19900824,m254,competitivedge,34399.0,yes,yes,benton,uncoated,uncoated,no,line,yes,motter70,813,5.0,catalog,northus,1910,42.5,54.0,0.3,15.0,70.0,,,13.4,1500.0,48.1,38.5,2.0,0.0,2.5,1.0,60.0,45,93.75,100,noband
518,19930227,m337,bestprod,35831.0,?,?,?,super,cover,?,?,yes,albert70,815,2.0,catalog,?,1911,,40.0,0.300,16.5,84.0,0.625,26.0,,1565.0,,,,,2.5,1.0,,40,106.6,95,band
400,19901209,w30,sheplers,35001.0,yes,yes,benton,uncoated,uncoated,no,line,yes,woodhoe70,816,9.0,spiegel,northus,1910,40.0,42.0,0.2,12.7,84.0,0.5,32.0,0.0,1750.0,62.5,37.5,0.0,0.0,2.5,0.9,40.0,40,100.0,100,noband
318,19900910,t284,modmat,47105.0,yes,yes,benton,coated,coated,no,line,yes,motter70,813,10.0,catalog,northus,1911,55.0,47.0,0.233,15.5,74.0,,,0.0,1600.0,62.5,37.5,0.0,0.0,2.5,1.0,40.0,35,106.25,100,noband
238,19900705,x151,tvguide,25428.0,yes,yes,benton,uncoated,uncoated,no,line,yes,motter94,821,2.0,tabloid,northus,1911,45.0,47.0,0.2,14.0,80.0,0.75,20.0,18.0,1800.0,45.0,37.0,0.0,0.0,2.5,0.8,40.0,40,96.9,100,noband
536,19941009,j44,best,38064.0,?,?,?,super,coated,?,?,yes,albert70,815,1.0,tabloid,?,1910,,,0.200,16.1,76.0,0.5,34.0,,2100.0,,,,,0.0,0.0,,40,110.0,100,band
489,19920405,x129,woolworth,34227.0,no,?,?,coated,coated,no,?,yes,motter94,824,9.0,tabloid,?,1910,35.0,42.0,0.2,15.0,78.0,0.5625,40.0,,1750.0,,,,,2.3,1.0,,40,103.0,100,band
384,19901116,g628,woolworth,34997.0,no,yes,benton,coated,coated,no,line,yes,woodhoe70,815,2.0,tabloid,canadian,1910,32.5,45.0,0.233,14.0,94.0,0.625,25.0,0.0,1800.0,66.7,33.3,0.0,0.0,2.1,1.0,30.0,40,100.0,100,band
69,19910307,f308,modmat,47202.0,no,yes,benton,coated,uncoated,no,line,yes,motter70,813,9.0,catalog,northus,1910,35.0,45.0,0.3,14.1,65.0,1.0,,0.0,1500.0,59.5,40.5,0.0,0.0,2.6,1.0,40.0,40,109.67,100,noband
382,19901119,g412,jcp,34781.0,no,yes,benton,uncoated,coated,no,line,yes,woodhoe70,816,9.0,tabloid,northus,1910,70.0,43.0,0.233,16.0,77.0,0.8175,28.0,15.9,2125.0,46.5,37.6,3.0,0.0,1.75,0.6,33.0,40,100.0,100,noband
322,19900924,r6,target,34551.0,no,yes,benton,coated,coated,no,line,no,woodhoe70,815,1.0,spiegel,canadian,1910,40.0,49.0,0.267,14.0,82.0,0.625,30.0,0.0,2150.0,65.2,34.8,1.0,0.0,2.5,0.9,30.0,40,93.75,90,band
346,19901010,r15,target,34522.0,no,yes,benton,coated,uncoated,no,line,yes,woodhoe70,816,2.0,spiegel,northus,1911,40.0,50.0,0.3,13.0,74.0,0.25,25.0,0.0,2500.0,58.8,41.2,2.0,0.0,2.5,0.5,30.0,40,114.29,100,noband
355,19901031,x199,kmart,36165.0,yes,yes,benton,uncoated,uncoated,no,line,no,motter94,828,2.0,tabloid,northus,1910,65.0,42.0,0.2,17.0,80.0,1.0,22.0,15.0,2250.0,50.0,35.0,1.0,0.0,2.5,1.0,40.0,40,100.0,100,noband
155,19910610,g572,wards,37501.0,no,yes,benton,coated,coated,no,line,yes,woodhoe70,816,9.0,tabloid,?,?,32.5,56.0,0.367,15.03,79.0,0.3125,28.0,5.3,2244.0,52.6,42.1,0.0,0.0,1.8,0.5,30.0,40,106.45,100,noband
247,19900706,x281,ames,34583.0,no,yes,benton,coated,coated,no,line,yes,motter94,827,2.0,tabloid,canadian,1911,45.0,55.0,0.2,14.0,73.0,0.75,30.0,0.0,2100.0,61.1,38.9,0.0,0.0,2.5,0.8,33.0,40,96.8,100,band
124,19910426,t380,modmat,47203.0,yes,yes,benton,uncoated,uncoated,no,line,yes,albert70,802,2.0,catalog,northus,1910,50.0,50.0,0.2,15.7,90.0,0.75,50.0,0.0,1420.0,62.5,37.5,0.0,0.0,3.0,1.35,40.0,40,106.45,100,noband
381,19901119,g60,jcp,34781.0,no,yes,benton,uncoated,coated,no,line,yes,woodhoe70,816,2.0,tabloid,northus,1910,70.0,43.0,0.3,18.1,78.0,0.5,28.0,14.4,2125.0,48.1,37.5,5.0,0.0,3.0,0.9,33.0,40,100.0,100,noband
204,19900517,x713,toysrus,34752.0,no,no,benton,coated,coated,no,line,yes,motter94,824,2.0,tabloid,northus,1910,50.0,48.0,0.233,15.5,68.0,0.8125,30.0,0.0,1900.0,57.4,42.6,10.0,0.0,1.5,1.0,30.0,33,100.0,100,noband
172,19910707,f26,modmat,47204.0,yes,yes,benton,coated,coated,no,line,yes,motter70,813,10.0,catalog,?,1910,50.0,64.0,0.2,16.0,86.0,0.75,,0.0,1300.0,58.8,41.1,0.0,0.0,2.5,1.0,40.0,40,106.45,100,band
211,19900608,f19,jamesway,36649.0,no,yes,benton,coated,coated,no,line,?,motter70,813,6.0,catalog,scandanavian,1911,47.5,62.0,0.333,15.0,84.0,,,5.6,,56.2,38.2,0.0,0.0,2.5,1.0,35.0,40,96.7,100,noband
397,19901206,x019,tvguide,25450.0,yes,yes,benton,uncoated,uncoated,no,line,yes,motter94,821,2.0,tabloid,northus,?,50.0,42.0,0.367,15.5,73.0,0.625,20.0,3.6,1800.0,60.2,36.2,0.0,0.0,2.5,0.9,34.0,40,106.25,100,noband
508,19920920,aa43,kmart,34534.0,?,?,?,super,uncoated,no,?,yes,motter94,821,7.0,spiegel,?,?,,56.0,0.300,14.1,82.0,0.625,40.0,,1800.0,,,,,2.5,0.9,,40,96.9,100,band
477,19910917,x160,colortile,37575.0,no,yes,benton,coated,coated,no,line,yes,motter94,824,2.0,tabloid,?,1910,30.0,,0.3,17.0,78.0,0.8125,30.0,0.0,1700.0,58.8,41.2,0.0,0.0,2.5,1.2,30.0,40,106.25,100,band
210,19900602,f590,natlwildlife,36859.0,yes,yes,benton,uncoated,uncoated,no,line,no,albert70,802,2.0,catalog,northus,1910,50.0,56.0,0.2,14.3,105.0,0.75,70.0,0.0,1600.0,55.5,44.5,0.0,0.0,3.0,1.0,45.0,35,100.0,100,band
299,19900830,t204,galls,38061.0,yes,yes,benton,uncoated,uncoated,no,xylol,?,woodhoe70,815,1.0,spiegel,northus,1911,47.5,49.0,0.367,15.0,84.0,0.75,28.0,2.2,1600.0,54.3,43.5,0.0,0.0,3.0,0.9,34.0,30,108.1,100,band
426,19901214,x108,eckerds,34693.0,no,yes,benton,coated,coated,no,line,yes,motter94,828,9.0,tabloid,canadian,1910,50.0,41.0,0.2,15.7,80.0,1.0,43.0,0.0,1800.0,62.5,37.5,1.0,0.0,2.5,1.5,30.0,40,106.45,100,noband
19,19910123,f492,uscav,35521.0,yes,yes,benton,uncoated,uncoated,no,line,yes,motter70,813,1.0,catalog,canadian,1911,60.0,38.0,0.333,16.5,66.0,0.75,,6.7,1400.0,56.2,37.1,0.0,0.0,1.1,1.4,32.0,40,103.22,100,noband
367,19901108,g462,woolworth,34997.0,no,yes,benton,coated,coated,no,line,no,woodhoe70,815,1.0,tabloid,canadian,1910,32.5,43.0,0.2,13.0,80.0,0.75,28.0,0.0,1500.0,62.5,37.5,0.0,0.0,0.0,0.0,30.0,40,100.0,100,band
56,19910215,i354,sears,37869.0,no,yes,benton,uncoated,coated,no,line,yes,albert70,802,7.0,catalog,northus,1911,35.0,38.0,0.4,12.0,62.0,0.75,46.0,4.7,1400.0,58.8,36.5,0.0,0.0,2.0,1.0,28.0,40,103.125,100,noband
218,19900615,x96,wards,36057.0,no,yes,benton,coated,coated,no,line,yes,motter94,827,2.0,tabloid,canadian,1910,30.0,58.0,0.467,15.0,96.0,0.75,30.0,0.0,2300.0,58.8,41.2,6.0,0.0,3.0,0.75,30.0,35,100.0,100,noband
450,19910729,x201,wards,37508.0,no,yes,benton,coated,coated,no,line,yes,motter94,824,9.0,tabloid,?,1910,45.0,57.0,0.233,15.0,88.0,0.5625,30.0,10.4,1900.0,52.1,37.5,0.0,0.0,2.5,1.8,30.0,40,100.0,100,noband
438,19910719,r43,target,88231.0,no,yes,benton,coated,coated,no,line,yes,woodhoe70,816,2.0,spiegel,?,1910,40.0,62.0,0.2,14.9,80.0,0.5,28.0,3.4,2303.0,56.8,39.8,2.0,0.0,2.5,0.6,33.0,40,100.0,100,noband
532,19941001,e78,eckerd,38240.0,?,?,?,uncoated,uncoated,?,?,no,motter94,828,2.0,tabloid,?,1911,,,?,16.0,83.0,,28.0,,2400.0,,,,,2.5,1.0,,40,112.5,100,band
502,19920808,1351,homeshop,36567.0,?,?,?,coated,coated,no,?,no,albert70,816,2.0,catalog,?,1910,,62.0,0.333,14.5,84.0,,23.0,,1200.0,,,,,2.5,,,40,103.22,100,band
25,19910201,e81,kmart,37352.0,no,yes,benton,coated,coated,no,line,yes,motter94,827,9.0,tabloid,scandanavian,1911,45.0,42.0,0.2,14.0,70.0,1.0,20.0,8.0,1850.0,57.5,34.5,0.0,0.0,2.0,0.7,35.0,40,107.4,100,band
278,19900811,j45,walmart,34493.0,no,yes,benton,coated,uncoated,no,line,no,woodhoe70,816,2.0,tabloid,northus,1911,,54.0,0.2,14.0,80.0,0.3125,34.0,3.4,1900.0,56.8,39.8,0.0,0.0,2.5,1.3,30.0,40,106.7,100,noband
42,19910214,x291,roses,35752.0,no,yes,benton,coated,coated,no,line,yes,motter94,824,9.0,tabloid,canadian,1910,50.0,43.0,0.2,16.0,82.0,0.875,30.0,0.0,2270.0,55.6,44.4,12.0,0.0,2.0,1.0,30.0,40,103.22,100,noband
439,19910727,x742,ames,37182.0,no,yes,benton,coated,coated,no,line,yes,motter94,821,2.0,tabloid,?,1911,45.0,58.0,0.2,15.0,75.0,0.625,20.0,10.5,2100.0,52.6,36.8,0.0,0.0,2.5,0.7,33.0,40,103.125,100,noband
248,19900710,x346,hills,34714.0,no,yes,benton,coated,coated,no,line,yes,motter94,824,9.0,tabloid,canadian,1911,30.0,56.0,0.2,14.7,87.0,0.875,20.0,0.0,2150.0,58.8,41.2,12.0,0.0,1.5,0.6,30.0,40,96.8,100,noband
432,19910829,i303,childcraft,37001.0,yes,yes,benton,uncoated,uncoated,no,line,yes,albert70,802,7.0,catalog,?,1910,60.0,60.0,0.233,15.0,80.0,0.75,56.0,14.3,1380.0,47.6,38.1,0.0,0.0,3.0,1.0,38.0,40,106.4,100,noband
333,19900924,f337,modmat,47105.0,yes,yes,benton,uncoated,uncoated,no,line,yes,motter70,813,1.0,catalog,northus,1911,60.0,48.0,0.367,14.0,76.0,1.0,,5.6,1600.0,55.6,38.8,0.0,0.0,2.5,0.7,40.0,40,96.97,90,noband
154,19910610,g089,wards,37501.0,no,yes,benton,coated,coated,no,line,yes,woodhoe70,816,2.0,tabloid,?,1910,,56.0,0.3,16.02,84.0,0.25,30.0,5.3,2244.0,52.6,42.1,5.0,0.0,3.0,0.8,30.0,40,110.0,100,noband
126,19910428,x9,toysrus,35871.0,no,no,benton,coated,coated,no,line,yes,motter94,824,9.0,tabloid,canadian,1911,35.0,56.0,0.233,16.0,82.0,0.5625,28.0,5.6,2100.0,56.2,38.2,0.0,0.0,1.7,0.4,30.0,40,103.125,100,noband
275,19900804,j60,walmart,34483.0,no,yes,benton,coated,uncoated,no,line,yes,woodhoe70,816,2.0,tabloid,?,1910,35.0,55.0,0.5,15.0,70.0,0.5,32.0,0.0,1950.0,58.8,41.2,0.0,0.0,2.5,1.3,30.0,35,100.0,100,band
361,19901102,g625,ames,34588.0,no,yes,benton,coated,coated,no,line,yes,woodhoe70,815,2.0,tabloid,canadian,1910,40.0,43.0,0.267,17.2,78.0,0.9375,,1.0,2180.0,58.3,40.7,2.0,0.0,2.4,0.8,33.0,40,96.77,100,band
31,19910206,j582,kmart,37352.0,no,yes,benton,uncoated,coated,no,line,yes,woodhoe70,815,9.0,tabloid,northus,1911,37.5,44.0,0.2,16.5,91.0,0.75,30.0,21.7,2050.0,43.5,34.8,0.0,0.0,2.7,0.8,35.0,40,107.4,100,noband
113,19910517,x405,toysrus,35872.0,no,no,benton,coated,coated,no,line,yes,motter94,824,9.0,tabloid,canadian,1910,47.0,67.0,0.333,16.0,82.0,0.5625,30.0,1.5,1900.0,50.5,34.3,0.0,0.0,2.5,1.1,33.0,40,103.125,100,noband
380,19901125,w364,toysrus,34759.0,no,no,benton,coated,coated,no,line,yes,woodhoe70,816,2.0,spiegel,canadian,1910,32.5,47.0,0.2,20.0,79.0,0.3125,29.0,0.0,2189.0,58.1,41.9,5.0,0.0,2.5,1.25,30.0,40,100.0,100,noband
473,19910920,x13,burdines,37068.0,no,yes,benton,coated,coated,no,line,yes,motter94,821,2.0,tabloid,?,1911,40.0,49.0,0.3,17.0,75.0,0.625,30.0,0.0,1600.0,58.8,41.2,0.0,0.0,2.5,0.65,33.0,40,109.6,100,band
369,19901107,g640,hills,34716.0,no,yes,benton,uncoated,coated,no,line,yes,woodhoe70,816,7.0,tabloid,northus,1910,37.5,43.0,0.2,15.8,80.0,0.5,32.0,0.0,2400.0,62.5,37.5,5.0,0.0,2.5,0.9,35.0,40,96.77,100,noband
57,19910215,i358,sears,37869.0,no,yes,benton,uncoated,coated,no,line,yes,albert70,802,2.0,catalog,northus,1911,35.0,38.0,0.433,16.0,70.0,0.75,50.0,0.0,1400.0,62.5,37.5,0.0,0.0,2.8,1.5,28.0,40,103.125,100,noband
332,19900926,x820,tvguide,25440.0,yes,yes,?,uncoated,uncoated,no,line,no,motter94,821,2.0,tabloid,northus,1911,47.5,49.0,0.433,14.5,88.0,0.625,25.0,34.5,2000.0,43.5,22.0,0.0,0.0,2.5,0.7,40.0,40,96.97,90,noband
24,19910131,e84,kmart,37352.0,no,yes,benton,coated,coated,no,line,yes,motter94,827,9.0,tabloid,scandanavian,1911,40.0,42.0,0.2,14.5,74.0,1.0,25.0,8.0,2100.0,57.5,34.5,0.0,0.0,2.3,0.7,35.0,40,107.4,100,band
17,19910129,f267,homeshop,38064.0,no,yes,benton,coated,coated,no,line,no,motter70,813,1.0,catalog,canadian,1911,30.0,45.0,0.2,15.5,65.0,,,5.9,1600.0,58.8,35.3,0.0,0.0,2.5,1.8,33.0,40,100.0,100,noband
456,19910806,y270,kmart,37371.0,no,yes,benton,uncoated,coated,no,line,yes,woodhoe70,816,2.0,tabloid,?,1910,40.0,60.0,0.2,15.0,85.0,1.0,25.0,6.9,2100.0,54.0,39.1,0.0,0.0,2.5,1.2,35.0,40,103.13,100,band
66,19910311,x791,kmart,37386.0,yes,yes,benton,uncoated,uncoated,no,line,yes,motter94,824,9.0,tabloid,southus,1911,40.0,40.0,0.35,18.5,85.0,0.5625,30.0,0.0,1900.0,62.5,37.5,4.0,0.0,1.8,1.4,40.0,40,106.45,100,band
228,19900611,f170,campingworld,37874.0,?,yes,benton,coated,coated,no,line,yes,woodhoe70,815,2.0,catalog,canadian,?,,60.0,?,15.0,78.0,0.625,34.0,15.0,1750.0,50.0,35.0,0.0,0.0,2.5,1.0,33.0,?,,100,noband
482,19920208,aa1,kmart,34514.0,no,yes,benton,uncoated,coated,no,line,yes,motter94,821,7.0,tabloid,?,1910,40.0,39.0,0.2,15.0,83.0,0.625,30.0,0.0,2000.0,58.1,41.9,1.0,0.0,2.5,0.6,35.0,40,100.0,100,band
513,19921129,i400,homeshop,36569.0,?,?,?,super,cover,no,?,yes,albert70,816,2.0,catalog,?,1910,,39.0,0.300,15.1,71.0,0.625,30.0,,1700.0,,,,,2.5,1.5,,40,106.1,100,band
442,19911124,f25,bestprod,37970.0,no,yes,benton,uncoated,coated,no,line,yes,albert70,802,2.0,catalog,?,1910,27.5,41.0,0.267,17.58,80.0,0.75,50.0,3.4,1490.0,56.8,39.8,0.0,0.0,3.0,1.0,35.0,40,103.125,100,noband
94,19910330,x102,belk,35534.0,yes,yes,benton,uncoated,uncoated,no,line,no,motter94,827,2.0,tabloid,northus,1910,42.0,44.0,0.3,15.0,80.0,1.25,20.0,16.7,1300.0,49.0,34.3,0.0,0.0,2.5,0.2,40.0,40,110.0,100,noband
184,19900606,f571,natlwildlife,36859.0,yes,yes,benton,uncoated,cover,no,line,no,albert70,802,2.0,catalog,northus,1911,57.5,54.0,0.267,15.5,80.0,0.625,55.0,0.0,1600.0,62.5,37.5,0.0,0.0,3.0,0.5,45.0,40,103.3,100,noband
291,19900814,r22,target,34549.0,no,yes,benton,coated,coated,no,line,yes,woodhoe70,816,9.0,spiegel,canadian,1910,45.0,54.0,0.167,18.0,90.0,0.5,26.0,8.3,1875.0,52.1,39.6,0.0,0.0,3.0,1.0,33.0,35,106.9,100,noband
23,19910127,o4,target,35816.0,no,yes,benton,coated,coated,no,line,yes,motter94,827,2.0,spiegel,canadian,1911,40.0,41.0,0.2,15.8,72.0,1.0,30.0,0.0,2000.0,62.5,37.5,0.0,0.0,2.5,1.0,30.0,40,107.4,100,band
265,19900718,x60,wards,36066.0,no,yes,benton,coated,coated,no,line,yes,motter94,824,9.0,tabloid,canadian,1910,45.0,54.0,0.2,15.0,80.0,0.8125,20.0,0.0,2000.0,58.8,41.2,0.0,0.0,1.5,0.6,33.0,35,111.1,100,noband
287,19900812,x65,mervyns,34175.0,no,yes,benton,coated,coated,no,line,no,motter94,821,7.0,tabloid,?,1910,30.0,54.0,0.233,15.8,68.0,0.75,25.0,6.4,2000.0,53.2,40.4,4.0,0.0,2.3,0.8,35.0,35,106.9,100,noband
483,19920207,aa17,kmart,34514.0,no,yes,benton,uncoated,coated,no,line,yes,motter94,821,7.0,tabloid,?,1911,40.0,39.0,0.2,15.0,72.0,0.375,30.0,0.0,2000.0,58.1,41.9,1.0,0.0,2.5,0.3,35.0,40,109.9,100,band
5,19910104,t218,massey,38039.0,yes,yes,benton,uncoated,uncoated,no,line,yes,woodhoe70,816,2.0,catalog,northus,1910,50.0,40.0,0.267,16.8,76.0,0.4375,28.0,8.6,1467.0,53.8,37.6,5.0,0.0,2.5,0.8,40.0,40,103.87,100,noband
116,19910507,m410,modmat,47203.0,yes,yes,benton,uncoated,uncoated,no,line,no,albert70,802,2.0,catalog,northus,1910,50.0,55.0,0.233,13.86,70.0,0.625,47.0,10.2,1635.0,51.0,38.8,0.0,0.0,3.0,1.0,40.0,40,100.0,100,noband
45,19910214,x146,jcpenny,35794.0,no,yes,benton,uncoated,coated,no,line,yes,motter94,827,9.0,tabloid,northus,1911,52.5,43.0,0.233,16.6,58.0,0.75,20.0,7.9,1480.0,56.2,36.0,0.0,0.0,1.7,0.7,33.0,40,103.12,100,noband
231,19900625,m254,oldvillageshop,34092.0,yes,yes,benton,uncoated,uncoated,no,line,yes,woodhoe70,815,2.0,catalog,?,1910,65.0,49.0,0.333,13.5,82.0,0.625,30.0,0.0,1350.0,68.2,31.8,1.0,0.0,2.5,1.0,38.0,37,103.2,100,band
304,19900824,f192,competitivedge,34399.0,yes,yes,benton,uncoated,uncoated,no,line,yes,motter70,813,1.0,catalog,northus,1911,40.0,54.0,0.3,15.0,70.0,,,10.0,,50.0,40.0,0.0,0.0,2.5,0.8,60.0,30,100.0,100,noband
16,19910129,f237,homeshop,38064.0,no,yes,benton,coated,coated,no,line,no,motter70,813,5.0,catalog,canadian,1911,30.0,45.0,0.2,14.0,65.0,,,0.0,1600.0,62.5,37.5,0.0,0.0,2.5,0.8,33.0,40,100.0,100,noband
48,19910215,e68,cenpurch,37441.0,no,yes,benton,coated,coated,no,line,yes,motter94,821,7.0,tabloid,canadian,1911,25.0,38.0,0.233,14.0,70.0,0.625,25.0,0.0,1600.0,58.8,41.2,5.0,0.0,1.7,0.9,30.0,40,103.12,100,noband
395,19901206,g5,lurias,36805.0,yes,yes,benton,uncoated,uncoated,no,line,no,woodhoe70,815,2.0,tabloid,mideuropean,1910,50.0,42.0,0.3,17.0,88.0,0.75,30.0,0.0,1600.0,62.5,27.5,5.0,0.0,2.6,1.0,38.0,40,106.25,100,band
3,19910104,t133,massey,39039.0,yes,yes,benton,uncoated,uncoated,no,line,yes,woodhoe70,816,9.0,catalog,northus,1910,52.0,40.0,0.3,16.0,75.0,0.3125,30.0,5.6,1467.0,55.6,38.8,0.0,0.0,2.5,1.3,40.0,40,108.06,100,noband
412,19901215,f121,hanoverhse,34099.0,yes,yes,benton,uncoated,uncoated,no,line,no,albert70,802,2.0,catalog,northus,1910,45.0,41.0,0.267,13.3,70.0,0.75,50.0,0.0,1700.0,60.2,39.8,0.0,0.0,3.0,0.8,38.0,40,117.85,100,noband
222,19900614,b6,downs,34397.0,yes,yes,benton,uncoated,uncoated,no,line,yes,motter70,813,1.0,catalog,mideuropean,1910,50.0,53.0,0.3,16.0,65.0,0.75,,15.8,1300.0,49.5,34.7,0.0,0.0,2.5,1.0,28.0,35,93.5,100,noband
60,19910303,e84,kmart,37386.0,yes,yes,benton,uncoated,uncoated,no,line,no,motter94,827,9.0,tabloid,southus,?,40.0,47.0,0.35,14.43,76.0,0.75,16.0,7.2,2000.0,51.5,41.2,1.0,0.0,2.7,1.4,40.0,40,100.0,100,band
519,19930309,aa56,kmart,85725.0,?,?,?,super,uncoated,?,?,yes,motter94,821,7.0,tabloid,?,1910,,44.0,.200,16.22,74.0,0.75,30.0,,2200.0,,,,,2.8,0.8,,40,106.6,95,band
110,19910507,x817,tvguide,25520.0,yes,yes,benton,uncoated,uncoated,no,line,yes,motter94,821,7.0,tabloid,canadian,1910,50.0,56.0,0.267,15.2,76.0,0.625,25.0,3.4,1760.0,56.8,39.8,2.0,0.0,2.5,0.8,34.0,40,103.125,100,band
353,19901102,x199,kmart,36165.0,yes,yes,benton,uncoated,uncoated,no,line,no,motter94,828,2.0,tabloid,northus,1910,65.0,43.0,0.2,16.0,78.0,0.75,30.0,12.0,2100.0,46.3,41.7,0.0,0.0,2.0,1.0,40.0,40,100.0,100,band
289,19900812,x282,mervyns,34175.0,no,yes,benton,coated,coated,no,line,yes,motter94,821,2.0,tabloid,?,1910,30.0,54.0,0.333,16.8,71.0,0.75,25.0,18.0,2000.0,45.0,36.9,0.0,0.0,2.5,0.9,35.0,35,106.9,100,noband
29,19910118,x292,ames,37157.0,no,yes,benton,coated,coated,no,line,no,motter94,828,2.0,tabloid,canadian,1910,30.0,45.0,0.233,17.0,70.0,0.75,35.0,0.0,2200.0,58.8,41.2,0.0,0.0,2.5,1.0,33.0,40,106.45,100,band
529,19931008,ee304,jcp,35425.0,?,?,?,super,uncoated,?,?,yes,motter94,821,7.0,tabloid,?,1911,,54.0,0.267,15.5,80.0,0.75,40.0,,2000.0,,,,,1.8,1.3,,40,107.14,?,band
452,19910730,x799,roses,35761.0,no,yes,benton,coated,coated,no,line,yes,motter94,828,2.0,tabloid,?,1910,35.0,59.0,0.2,16.1,82.0,,28.0,0.0,2500.0,58.8,41.2,0.0,0.0,2.5,1.3,30.0,40,100.0,100,noband
26,19910130,e72,kmart,37352.0,no,yes,benton,uncoated,coated,no,line,yes,motter94,827,9.0,tabloid,scandanavian,1911,50.0,45.0,0.3,15.0,76.0,1.0,30.0,8.0,2150.0,57.5,34.5,0.0,0.0,2.5,1.0,35.0,40,107.4,100,noband
7,19910111,x788,roses,35751.0,no,yes,benton,coated,coated,no,line,yes,motter94,827,9.0,tabloid,canadian,1911,50.0,46.0,0.2,16.5,75.0,0.75,28.0,0.0,2600.0,62.5,37.5,6.0,0.0,2.5,1.1,30.0,40,106.67,100,noband
181,19900418,j68,wards,36053.0,no,yes,benton,coated,coated,no,line,yes,woodhoe70,815,9.0,tabloid,canadian,1910,45.0,42.0,0.233,15.0,76.0,0.75,30.0,0.0,2220.0,58.8,41.2,0.0,0.0,2.5,1.0,30.0,35,100.0,100,noband
500,19920705,aa40,kmart,34527.0,?,?,?,uncoated,coated,no,?,yes,motter94,821,7.0,spiegel,?,1910,50.0,66.0,0.3,14.8,80.0,0.625,30.0,,1840.0,,,,,2.5,1.0,,40,100.0,100,band
108,19910503,r14,target,35816.0,no,yes,benton,coated,coated,no,line,yes,woodhoe70,815,2.0,spiegel,canadian,1910,40.0,52.0,?,16.0,86.0,0.75,26.0,9.6,1975.0,53.2,37.2,1.0,0.0,2.9,1.3,33.0,40,100.0,100,band
37,19910113,j33,belks,35334.0,yes,yes,benton,uncoated,uncoated,no,line,yes,woodhoe70,816,2.0,tabloid,?,1911,40.0,43.0,0.267,16.0,96.0,1.0,28.0,0.0,1500.0,58.8,41.2,2.0,0.0,3.0,0.8,40.0,40,103.12,100,noband
157,19910611,x831,wards,37177.0,no,yes,benton,coated,coated,no,line,yes,motter94,828,9.0,tabloid,canadian,1910,30.0,56.0,0.283,17.0,72.0,0.75,30.0,0.0,2550.0,52.6,47.4,0.0,0.0,2.0,1.0,33.0,40,103.22,100,noband
514,19930113,i305,modmat,47401.0,?,?,?,coated,coated,no,?,yes,albert70,816,2.0,catalog,?,1911,,46.0,0.300,17.0,80.0,0.25,25.0,,1700.0,,,,,2.5,1.5,,30,117.7,95,band
118,19910409,g108,ames,37168.0,no,yes,benton,coated,coated,no,line,yes,woodhoe70,815,2.0,tabloid,canadian,1911,30.0,63.0,0.3,13.0,94.0,1.0,29.0,0.0,1800.0,56.2,43.8,0.0,0.0,2.5,1.0,30.0,40,110.0,100,band
114,19910505,m337,modmat,47203.0,yes,yes,benton,uncoated,uncoated,no,line,yes,motter70,813,5.0,catalog,northus,1910,50.0,52.0,0.3,17.0,69.0,0.75,,0.0,1700.0,58.8,41.2,0.0,0.0,2.2,0.9,40.0,40,106.66,100,noband
286,19900812,r15,target,34549.0,no,yes,benton,coated,coated,no,line,no,woodhoe70,815,2.0,spiegel,canadian,1911,45.0,54.0,0.267,14.0,90.0,0.75,30.0,0.0,2000.0,58.8,41.2,0.0,0.0,3.0,1.0,33.0,40,103.3,100,noband
203,19900517,x776,toysrus,34752.0,no,no,benton,coated,coated,yes,line,yes,motter94,824,9.0,tabloid,canadian,1910,50.0,48.0,0.333,15.8,70.0,,30.0,0.0,1900.0,58.8,41.2,5.0,0.0,2.5,1.2,30.0,33,100.0,100,noband
175,19910706,x793,wards,37505.0,no,yes,benton,coated,coated,no,line,no,motter94,824,2.0,tabloid,canadian,1910,40.0,64.0,0.2,16.0,76.0,0.8125,23.0,4.8,1835.0,59.5,35.7,3.0,0.0,2.0,0.7,30.0,40,106.45,100,noband
225,19900622,f135,casualliving,38025.0,yes,yes,benton,uncoated,uncoated,no,line,no,woodhoe70,815,9.0,catalog,northus,1910,57.5,55.0,0.333,14.0,86.0,0.75,30.0,13.0,1700.0,50.0,37.0,0.0,0.0,2.9,0.9,34.0,35,100.0,100,noband
220,19900606,g150,childworld,36024.0,yes,yes,benton,coated,uncoated,no,line,no,woodhoe70,815,2.0,tabloid,canadian,1910,55.5,54.0,0.233,15.0,82.0,0.75,38.0,0.0,1800.0,58.8,41.2,0.0,0.0,2.0,1.0,33.0,35,100.0,100,noband
144,19910524,x155,roses,37758.0,no,yes,?,coated,coated,no,line,yes,motter94,828,9.0,tabloid,canadian,1910,40.0,62.0,0.3,16.0,84.0,0.9375,28.0,0.0,2200.0,58.8,41.2,4.0,0.0,2.5,0.6,30.0,40,106.45,100,noband
194,19900517,x400,wards,36054.0,no,yes,benton,coated,coated,no,line,yes,motter94,827,2.0,tabloid,canadian,1910,45.0,55.0,0.3,15.0,75.0,0.75,25.0,0.0,2300.0,59.8,40.2,0.0,0.0,2.0,2.3,30.0,33,96.6,100,noband
408,19901211,i349,austads,38121.0,yes,yes,benton,uncoated,cover,no,line,no,woodhoe70,815,2.0,catalog,canadian,1910,45.0,40.0,0.3,16.0,89.0,0.625,22.0,0.0,1300.0,60.0,40.0,1.0,0.0,2.5,1.0,40.0,40,106.45,100,band
420,19901212,r1,target,34556.0,no,yes,benton,coated,coated,no,line,yes,woodhoe70,816,9.0,spiegel,canadian,1910,37.5,40.0,0.2,14.0,80.0,0.25,24.0,0.0,2400.0,58.8,41.2,2.0,0.0,2.5,0.8,30.0,40,106.45,100,noband
237,19900706,x135,ames,34583.0,no,yes,benton,coated,coated,no,line,yes,motter94,827,9.0,tabloid,canadian,1911,40.0,47.0,0.2,15.0,75.0,0.75,25.0,0.0,2100.0,61.1,38.9,0.0,0.0,2.4,1.1,33.0,40,96.9,100,noband
281,19900810,w717,sheplers,36776.0,yes,yes,benton,uncoated,uncoated,no,xylol,yes,albert70,802,7.0,catalog,northus,1910,45.0,50.0,0.2,14.5,70.0,0.75,42.0,5.3,1700.0,52.6,42.1,0.0,0.0,3.0,0.8,40.0,45,100.0,100,noband
403,19901209,m208,abbeypress,27490.0,no,yes,benton,uncoated,coated,no,line,no,albert70,802,2.0,catalog,northus,1910,32.0,42.0,0.233,16.0,70.0,0.625,46.0,0.0,1350.0,60.2,39.8,0.0,0.0,3.0,1.0,34.0,40,100.0,100,noband
522,19930514,i46,modmat,47403.0,?,?,?,coated,coated,?,?,yes,albert70,816,2.0,catalog,?,1911,,52.0,0.200,16.0,75.0,0.3125,25.0,,1500.0,,,,,2.5,0.6,,40,109.1,100,band
141,19910603,e74,kmart,37365.0,no,yes,benton,uncoated,coated,no,line,no,motter94,827,2.0,tabloid,canadian,1911,37.5,70.0,0.333,14.9,64.0,0.75,28.0,3.4,1500.0,57.5,39.1,0.0,0.0,2.5,1.0,40.0,40,106.89,100,noband
404,19901209,f466,abbeypress,27490.0,no,yes,benton,uncoated,coated,no,line,no,albert70,802,7.0,catalog,northus,1910,32.0,42.0,0.233,16.0,70.0,0.625,48.0,0.0,1350.0,63.9,36.1,0.0,0.0,3.0,1.0,34.0,40,100.0,100,noband
67,19910227,e90,kmart,37254.0,no,yes,benton,uncoated,coated,no,line,yes,motter94,821,7.0,tabloid,?,1911,42.5,41.0,0.3,14.0,70.0,0.625,20.0,2.3,1750.0,57.5,40.0,4.0,0.0,2.5,0.7,35.0,40,96.97,100,noband
296,19900818,x132,lazarus,34154.0,yes,yes,benton,uncoated,uncoated,no,line,no,motter94,828,10.0,tabloid,canadian,1910,30.0,56.0,0.367,14.7,83.0,1.0,30.0,10.8,1600.0,53.8,35.5,0.0,6.0,2.6,1.2,40.0,35,100.0,100,noband
227,19900611,f257,campingworld,36874.0,?,yes,benton,coated,coated,no,line,yes,woodhoe70,815,9.0,catalog,canadian,?,,60.0,?,15.5,80.0,,30.0,13.0,1750.0,54.3,32.6,0.0,0.0,2.75,1.0,33.0,?,,100,noband
168,19910609,y255,kmart,37365.0,no,yes,benton,uncoated,coated,no,line,yes,woodhoe70,815,9.0,tabloid,northus,1911,35.0,62.0,0.4,14.5,94.0,1.0,35.0,0.0,1900.0,63.3,36.7,0.0,0.0,2.5,1.0,35.0,40,106.89,100,band
188,19900425,g496,burdines,34664.0,yes,yes,benton,uncoated,uncoated,no,xylol,yes,woodhoe70,816,9.0,tabloid,northus,1910,45.0,49.0,0.2,16.0,72.0,0.375,38.0,15.0,1650.0,50.0,35.0,0.0,0.0,2.5,0.2,38.0,33,96.9,100,band
516,19930217,w368,jfk,35986.0,?,?,?,coated,coated,?,?,yes,woodhoe70,802,7.0,spiegel,?,1910,,40.0,0.333,14.5,70.0,0.75,60.0,,1250.0,,,,,2.0,1.5,,40,112.5,100,band
415,19901219,x837,tvguide,25452.0,yes,yes,benton,uncoated,uncoated,no,line,yes,motter94,821,2.0,tabloid,northus,1910,65.0,50.0,0.2,15.1,75.0,0.625,20.0,19.0,1800.0,47.6,33.4,0.0,0.0,2.7,0.6,34.0,40,110.71,100,noband
416,19901212,x819,tvguide,25451.0,yes,yes,benton,uncoated,uncoated,no,line,yes,motter94,821,7.0,tabloid,northus,1910,55.0,40.0,0.3,15.1,69.0,0.625,20.0,19.5,1450.0,44.2,36.3,0.0,0.0,2.5,0.9,34.0,40,106.45,100,noband
193,19900606,r15,target,34546.0,no,yes,benton,coated,coated,no,line,yes,woodhoe70,816,2.0,spiegel,canadian,1911,52.5,54.0,0.267,14.6,82.0,,32.0,10.5,2400.0,52.6,36.8,0.0,0.0,2.5,0.5,30.0,40,100.0,100,noband
81,19910314,f615,modmat,47202.0,yes,yes,benton,uncoated,uncoated,no,line,yes,motter70,813,1.0,catalog,northus,?,52.5,37.0,0.2,15.0,66.0,0.75,,13.3,1600.0,55.6,42.2,0.0,0.0,2.4,0.8,40.0,40,100.0,100,noband
109,19910503,x249,guideposts,23055.0,yes,yes,benton,uncoated,cover,no,line,yes,motter94,821,7.0,tabloid,?,1910,42.5,52.0,0.4,13.9,76.0,0.625,25.0,0.0,1800.0,50.0,50.0,0.0,0.0,2.5,0.9,40.0,40,106.66,100,band
320,19900915,f679,modmat,47105.0,yes,yes,benton,uncoated,uncoated,no,line,yes,woodhoe70,816,9.0,catalog,northus,1910,65.0,60.0,0.267,14.5,80.0,0.25,38.0,15.8,1900.0,49.5,34.6,0.0,0.0,2.9,0.7,40.0,40,103.3,100,noband
145,19910524,x29,roses,35758.0,no,yes,benton,coated,coated,no,line,yes,motter94,828,2.0,tabloid,canadian,1910,40.0,62.0,0.267,16.0,84.0,0.9375,32.0,0.0,2200.0,58.8,41.2,4.0,0.0,1.4,1.0,30.0,40,106.45,100,noband
92,19910402,x838,tvguide,25515.0,yes,yes,benton,uncoated,uncoated,no,line,yes,motter94,821,7.0,tabloid,northus,1911,42.5,46.0,0.3,14.0,77.0,0.625,42.0,15.8,1850.0,49.5,34.6,8.0,0.0,1.5,0.8,34.0,40,100.0,100,band
152,19910528,f510,modmat,47203.0,yes,yes,benton,uncoated,uncoated,no,line,yes,motter70,813,1.0,catalog,northus,1910,50.0,68.0,0.367,13.4,70.0,,,20.4,1700.0,46.3,33.3,0.0,0.0,2.5,1.0,40.0,40,106.45,100,band
261,19900620,o7,target,34547.0,no,yes,benton,coated,coated,no,line,?,motter94,827,2.0,spiegel,canadian,1910,32.5,54.0,0.267,15.5,78.0,1.0,25.0,0.0,1900.0,58.8,41.2,10.0,0.0,2.5,0.5,30.0,35,93.3,100,noband
434,19910804,y270,kmart,37371.0,no,yes,benton,uncoated,coated,no,line,no,woodhoe70,816,2.0,tabloid,?,1910,40.0,58.0,0.2,15.5,84.0,0.375,25.0,9.0,2000.0,52.8,38.2,5.0,0.0,3.0,1.1,35.0,40,103.125,100,noband
447,19910817,r18,sheplers,35529.0,yes,yes,benton,uncoated,uncoated,no,line,yes,albert70,802,2.0,spiegel,?,1910,45.0,58.0,0.2,17.0,72.0,0.75,,3.2,1470.0,53.8,43.0,0.0,0.0,3.0,1.0,34.0,40,100.0,100,noband
394,19901206,g81,lurias,36805.0,yes,yes,benton,uncoated,uncoated,no,line,yes,woodhoe70,815,9.0,tabloid,mideuropean,1910,50.0,42.0,0.267,16.0,88.0,0.75,33.0,11.5,1650.0,52.1,36.4,0.0,0.0,2.5,1.0,38.0,40,106.25,100,noband
83,19910318,f72,kmart,37355.0,no,yes,benton,uncoated,coated,no,line,yes,motter94,827,9.0,tabloid,?,1910,40.0,43.0,0.35,16.1,70.0,0.625,20.0,11.1,2000.0,55.6,33.3,4.0,0.0,1.8,0.9,35.0,40,103.22,100,noband
103,19910406,s180,bestprod,37822.0,no,yes,benton,uncoated,coated,no,line,yes,motter70,813,5.0,catalog,northus,1910,40.0,44.0,0.233,15.5,68.0,0.75,,5.6,1750.0,55.6,38.9,0.0,0.0,1.5,0.5,35.0,40,103.125,100,noband
165,19910619,x760,wards,37199.0,no,yes,benton,uncoated,coated,no,line,yes,motter94,824,9.0,tabloid,canadian,1910,40.0,64.0,0.2,16.5,82.0,0.5625,30.0,2.3,1900.0,57.5,40.2,0.0,0.0,1.3,0.8,30.0,40,106.45,100,band
163,19910626,i343,massey,37938.0,yes,yes,benton,uncoated,uncoated,no,line,no,woodhoe70,816,9.0,catalog,northus,1910,45.0,65.0,0.3,16.3,78.0,0.75,32.0,3.4,1700.0,56.8,39.8,4.0,0.0,2.5,1.0,34.0,40,106.45,100,band
199,19900507,t383,modmat,47103.0,no,yes,benton,coated,coated,no,line,yes,motter70,813,10.0,catalog,northus,1910,40.0,54.0,0.267,14.42,87.0,1.0,,4.5,1700.0,56.2,39.3,0.0,0.0,2.5,1.0,40.0,33,96.8,100,noband
329,19900926,x326,walmart,36578.0,no,yes,benton,coated,coated,no,line,no,motter94,827,9.0,tabloid,mideuropean,1911,35.0,48.0,0.233,14.5,76.0,0.75,20.0,0.0,2225.0,62.5,37.5,4.0,0.0,2.7,1.2,33.0,40,106.25,90,noband
74,19910307,f615,modmat,47202.0,yes,yes,benton,uncoated,uncoated,no,line,yes,motter70,813,1.0,catalog,northus,1910,52.5,45.0,0.2,15.3,72.0,0.75,,12.4,1600.0,51.5,36.1,0.0,0.0,2.5,1.0,40.0,40,109.67,100,noband
341,19901007,m65,casliving,38059.0,yes,yes,benton,uncoated,uncoated,no,line,no,albert70,802,2.0,catalog,northus,1910,42.5,52.0,0.233,18.0,70.0,0.625,45.0,0.0,1700.0,58.8,41.2,0.0,0.0,3.0,0.7,34.0,40,103.125,100,noband
257,19900723,x232,eckerds,34685.0,no,yes,benton,coated,coated,no,line,yes,motter94,828,2.0,tabloid,canadian,1911,50.0,61.0,0.267,14.2,88.0,1.0,29.0,0.0,2350.0,52.6,47.4,,0.0,2.5,1.1,30.0,40,93.75,100,noband
517,19930219,t30,colorfulimage,37046.0,?,?,?,coated,coated,?,?,yes,woodhoe70,802,7.0,catalog,?,1911,,39.0,0.300,16.0,72.0,0.75,50.0,,1350.0,,,,,2.5,2.2,,40,106.6,95,band
119,19910415,g145,wards,37333.0,no,yes,benton,coated,coated,no,line,yes,woodhoe70,815,2.0,tabloid,canadian,1911,50.0,60.0,0.267,13.6,86.0,1.125,28.0,0.0,1500.0,64.1,35.9,0.0,0.0,2.5,1.0,33.0,40,106.45,100,band
310,19900920,g657,colortile,34749.0,no,yes,benton,coated,coated,no,line,no,woodhoe70,816,2.0,tabloid,canadian,?,,46.0,?,16.0,72.0,0.5,32.0,0.0,1673.0,58.8,41.2,0.0,0.0,2.5,1.5,30.0,?,,?,band
348,19901008,x389,ames,34587.0,no,yes,benton,coated,coated,no,line,no,motter94,827,9.0,tabloid,canadian,1911,30.0,53.0,0.3,15.0,80.0,0.75,30.0,15.0,2290.0,50.0,35.0,0.0,0.0,2.5,1.0,33.0,40,110.7,100,noband
392,19901113,x766,kmart,36167.0,no,?,benton,uncoated,coated,no,line,yes,motter94,828,9.0,tabloid,scandanavian,1910,45.0,41.0,0.2,14.6,74.0,1.0,32.0,21.0,2300.0,47.6,31.4,4.0,0.0,2.5,1.1,35.0,40,96.77,100,noband
441,19910718,x197,tvguide,25530.0,yes,yes,benton,uncoated,uncoated,no,line,yes,motter94,821,7.0,tabloid,?,1910,42.0,58.0,0.233,16.0,78.0,0.5,25.0,0.0,1800.0,58.8,41.2,5.0,0.0,2.5,1.0,34.0,40,103.125,100,noband
422,19901214,r9,target,34556.0,no,yes,benton,coated,coated,no,line,yes,woodhoe70,816,2.0,spiegel,canadian,1910,37.5,41.0,?,15.0,80.0,0.5,30.0,0.0,2398.0,58.8,41.2,9.0,0.0,2.5,0.7,30.0,40,106.45,100,noband
274,19900811,j38,wards,36882.0,no,yes,benton,coated,coated,no,line,yes,woodhoe70,816,9.0,tabloid,canadian,1910,35.0,53.0,0.267,14.7,80.0,1.0,,5.5,2150.0,55.6,38.9,0.0,0.0,2.5,0.4,30.0,35,111.1,100,noband
364,19901108,t281,modmat,47106.0,yes,yes,benton,uncoated,uncoated,no,line,yes,albert70,802,2.0,catalog,canadian,1910,40.0,43.0,0.2,13.5,76.0,0.75,52.0,4.4,1726.0,55.0,40.6,0.0,0.0,3.0,1.0,40.0,40,96.77,100,noband
423,19901211,x342,ames,34590.0,no,yes,benton,coated,coated,no,line,yes,motter94,827,9.0,tabloid,canadian,1910,50.0,40.0,0.3,15.0,72.0,0.75,30.0,0.0,2233.0,58.8,41.2,8.0,0.0,1.5,1.0,33.0,40,106.45,100,noband
302,19900825,x727,ames,38013.0,no,yes,benton,uncoated,coated,no,line,yes,motter94,824,2.0,tabloid,?,1910,40.0,55.0,0.533,15.4,80.0,0.8125,30.0,10.2,2400.0,51.0,38.8,0.0,0.0,1.7,0.7,30.0,45,93.75,100,noband
36,19910215,r5,target,35811.0,no,yes,benton,coated,coated,no,line,yes,woodhoe70,815,2.0,spiegel,canadian,1910,45.0,38.0,?,15.0,80.0,0.625,30.0,7.0,1600.0,58.1,34.9,0.0,0.0,2.5,1.5,30.0,40,103.22,100,band
139,19910604,x346,kmart,37365.0,no,yes,benton,uncoated,coated,no,line,yes,motter94,828,9.0,tabloid,scandanavian,1910,47.5,68.0,0.35,16.0,80.0,0.75,30.0,0.0,2250.0,52.1,47.9,0.0,0.0,1.5,0.75,35.0,40,106.45,100,noband
253,19900727,f257,rei,36644.0,yes,yes,benton,uncoated,uncoated,no,line,no,albert70,802,2.0,catalog,northus,1910,60.0,53.0,0.3,18.0,103.0,0.625,50.0,22.1,1600.0,41.0,36.9,0.0,0.0,3.0,0.7,40.0,35,105.2,100,noband
515,19930205,r32,target,35502.0,?,?,?,super,uncoated,?,?,yes,albert70,815,2.0,spiegel,?,1910,,35.0,0.300,16.2,88.0,0.5,28.0,,1750.0,,,,,2.3,1.0,,40,106.0,100,band
59,19910304,e26,kmart,37386.0,yes,yes,benton,uncoated,uncoated,no,line,yes,motter94,827,2.0,tabloid,southus,1910,40.0,47.0,0.333,24.5,78.0,0.875,30.0,8.8,2100.0,54.9,36.3,16.0,0.0,2.3,1.0,40.0,40,100.0,100,band
111,19910508,x746,tvguide,25520.0,yes,yes,benton,uncoated,uncoated,no,line,yes,motter94,821,7.0,tabloid,northus,1910,45.0,57.0,0.267,14.0,76.0,0.75,20.0,3.4,1800.0,56.2,40.4,2.0,0.0,2.0,0.8,34.0,40,103.125,100,band
290,19900813,x184,walmart,34493.0,no,yes,benton,coated,coated,no,line,yes,motter94,824,2.0,tabloid,?,1910,30.0,54.0,0.167,14.6,70.0,0.8125,30.0,0.0,2000.0,58.8,41.2,0.0,0.0,1.5,0.6,30.0,35,106.9,100,noband
354,19901031,x251,kmart,36165.0,yes,yes,benton,uncoated,uncoated,no,line,no,motter94,828,9.0,tabloid,northus,1910,65.0,42.0,0.233,17.5,100.0,1.125,25.0,17.5,2250.0,48.5,34.0,0.0,0.0,2.5,1.0,40.0,40,100.0,100,noband
262,19900620,o15,target,34547.0,no,yes,benton,coated,coated,no,line,?,motter94,827,9.0,spiegel,canadian,1910,32.5,54.0,0.5,15.5,78.0,1.0,25.0,0.0,1900.0,58.8,41.2,10.0,0.0,1.4,0.8,30.0,35,103.2,100,noband
399,19901209,x304,eckerds,34692.0,no,yes,benton,coated,uncoated,no,line,no,motter94,824,2.0,tabloid,canadian,1910,45.0,42.0,0.3,15.0,70.0,0.8125,40.0,0.0,1500.0,58.8,41.2,3.0,0.0,2.0,1.0,30.0,40,100.0,100,band
150,19910524,j582,hills,37915.0,no,yes,benton,coated,coated,no,line,yes,woodhoe70,815,2.0,tabloid,?,1910,50.0,62.0,0.4,15.4,98.0,0.75,25.0,10.6,1750.0,48.1,41.3,0.0,0.0,2.8,1.3,33.0,40,110.0,100,noband
266,19900806,j40,walmart,34493.0,?,yes,benton,coated,uncoated,no,line,no,woodhoe70,816,9.0,tabloid,?,1910,,51.0,0.167,16.0,75.0,0.5,30.0,0.0,1800.0,58.8,41.2,0.0,0.0,2.1,1.0,30.0,35,100.0,100,band
421,19901218,r3,target,34556.0,no,yes,benton,coated,coated,no,line,yes,woodhoe70,816,2.0,spiegel,canadian,1910,37.5,50.0,?,15.5,95.0,0.625,26.0,0.0,2350.0,62.5,37.5,1.0,0.0,2.6,0.6,30.0,40,106.45,100,noband
38,19910213,j43,belks,35334.0,yes,yes,benton,uncoated,uncoated,no,line,yes,woodhoe70,816,9.0,tabloid,northus,1911,32.5,43.0,0.2,15.0,82.0,1.0,31.0,7.6,1500.0,54.3,38.0,4.0,0.0,2.5,1.0,40.0,40,103.12,100,noband
347,19901008,x420,ames,34587.0,no,yes,benton,coated,coated,no,line,no,motter94,827,2.0,tabloid,canadian,1911,30.0,53.0,0.333,14.0,85.0,0.75,30.0,15.0,2290.0,50.0,35.0,0.0,0.0,2.0,1.5,33.0,40,110.7,100,noband
198,19900507,m260,modmat,47103.0,yes,yes,benton,uncoated,uncoated,no,line,yes,motter70,813,1.0,catalog,northus,1910,55.0,54.0,0.233,13.23,79.0,1.0,,18.9,1700.0,47.2,34.0,0.0,0.0,2.0,0.6,40.0,33,100.0,100,noband
284,19900813,f633,dunns,38016.0,yes,yes,benton,uncoated,uncoated,no,line,no,albert70,802,7.0,catalog,mideuropean,1910,45.0,54.0,0.333,14.8,70.0,0.75,50.0,13.0,1420.0,54.3,32.6,0.0,0.0,3.0,0.9,28.0,35,106.9,100,noband
146,19910430,g518,eckerd,35458.0,no,yes,benton,coated,coated,no,line,yes,woodhoe70,816,9.0,tabloid,canadian,1910,40.0,64.0,0.2,15.5,85.0,1.0,26.0,0.0,2400.0,58.8,41.2,0.0,0.0,2.5,1.0,30.0,40,103.125,100,noband
433,19910712,t368,abbey,24780.0,no,yes,benton,uncoated,coated,no,line,yes,woodhoe70,816,9.0,catalog,?,1911,47.5,65.0,0.2,14.0,80.0,0.5,27.0,11.5,1725.0,52.1,36.4,3.0,0.0,3.0,0.9,34.0,40,103.125,100,noband
147,19910430,g608,eckerd,35458.0,no,yes,benton,coated,coated,no,line,yes,woodhoe70,816,2.0,tabloid,canadian,1910,40.0,64.0,0.233,15.0,82.0,0.75,31.0,0.0,2400.0,60.0,40.0,3.0,0.0,2.5,1.0,30.0,40,106.66,100,noband
449,19910903,x264,toysrus,35874.0,no,no,benton,coated,coated,no,line,no,motter94,824,9.0,tabloid,?,1911,40.0,62.0,0.233,16.1,78.0,0.5625,25.0,5.5,1800.0,55.0,39.5,0.0,0.0,1.6,1.5,30.0,40,103.23,100,noband
485,19920408,t233,bestprod,37998.0,no,?,?,uncoated,coated,no,?,?,woodhoe70,815,2.0,?,?,1910,30.0,50.0,0.233,16.1,79.0,0.625,25.0,,1400.0,,,,,2.5,1.0,,40,106.0,100,band
123,19910422,x779,tvguide,25513.0,yes,yes,benton,uncoated,uncoated,no,line,no,motter94,821,7.0,tabloid,northus,1910,55.0,49.0,0.2,15.0,78.0,0.625,20.0,17.1,1900.0,47.6,35.2,0.0,0.0,2.5,0.85,34.0,40,106.45,100,band
407,19901209,w785,sheplers,35001.0,yes,yes,benton,uncoated,cover,no,line,no,woodhoe70,816,2.0,spiegel,northus,1910,42.0,42.0,0.267,14.5,78.0,1.0,28.0,0.0,1800.0,61.7,38.3,0.0,0.0,2.5,2.0,40.0,40,100.0,100,band
96,19910405,x118,roses,35754.0,no,yes,benton,coated,coated,no,line,yes,motter94,824,2.0,tabloid,canadian,1910,50.0,43.0,0.3,16.0,70.0,0.8125,30.0,3.4,2400.0,56.8,39.8,0.0,0.0,2.5,0.8,30.0,40,103.125,100,noband
143,19910529,x396,wards,37338.0,no,yes,benton,coated,coated,no,line,yes,motter94,824,2.0,tabloid,canadian,1911,47.5,60.0,0.4,14.5,74.0,0.8125,20.0,8.6,1600.0,53.8,37.6,0.0,0.0,2.0,1.5,35.0,40,110.0,100,noband
239,19900330,x750,guideposts,23040.0,yes,yes,benton,uncoated,uncoated,no,line,no,motter94,821,7.0,tabloid,?,?,50.0,59.0,0.333,14.5,71.0,0.625,20.0,11.1,1650.0,55.5,33.3,0.0,0.0,2.5,1.0,40.0,?,,100,band
301,19900831,x138,tvguide,25437.0,yes,yes,benton,uncoated,uncoated,no,line,no,motter94,821,2.0,tabloid,northus,1911,57.5,51.0,0.267,15.6,81.0,0.75,25.0,9.8,1850.0,49.0,41.2,0.0,0.0,2.7,0.6,34.0,30,100.0,100,noband
97,19910405,x35,roses,35754.0,no,yes,benton,coated,coated,no,line,yes,motter94,824,9.0,tabloid,canadian,1910,47.0,43.0,0.267,16.0,80.0,0.5625,30.0,9.1,2400.0,50.5,40.4,0.0,0.0,2.5,1.1,30.0,40,103.125,100,noband
436,19910712,m254,abbey,24780.0,no,yes,benton,uncoated,coated,no,line,yes,woodhoe70,816,2.0,catalog,?,1911,47.5,65.0,0.2,15.7,87.0,0.25,,5.6,1725.0,55.6,38.9,3.0,0.0,3.0,0.85,34.0,40,103.125,100,noband
293,19900819,f236,dunns,38016.0,yes,yes,benton,uncoated,uncoated,no,line,yes,motter70,813,1.0,catalog,?,1910,45.0,56.0,0.3,15.5,78.0,0.75,,11.1,1350.0,55.5,33.3,0.0,0.0,2.2,0.9,28.0,35,100.0,100,noband
388,19901114,x760,tvguide,25447.0,yes,yes,benton,uncoated,uncoated,no,line,no,motter94,821,2.0,tabloid,northus,1911,45.0,41.0,0.2,15.0,78.0,0.75,20.0,14.6,1800.0,48.5,36.9,0.0,0.0,2.5,1.0,34.0,40,100.0,100,noband
122,19910426,x802,hanhouse,37994.0,yes,yes,benton,uncoated,uncoated,no,line,no,motter94,821,7.0,tabloid,northus,1911,55.0,56.0,0.233,15.0,84.0,0.625,25.0,16.7,1850.0,52.1,31.3,4.0,0.0,2.0,0.6,34.0,40,103.125,100,band
183,19900606,f331,natlwildlife,36859.0,yes,yes,benton,uncoated,uncoated,no,line,yes,albert70,802,7.0,catalog,northus,1911,55.0,54.0,0.267,15.0,70.0,0.625,60.0,3.4,1600.0,56.8,39.8,0.0,0.0,1.0,0.4,45.0,40,103.3,100,noband
202,19900510,f672,modmat,47103.0,yes,yes,benton,uncoated,uncoated,no,line,yes,woodhoe70,816,2.0,catalog,northus,1910,60.0,50.0,0.3,15.0,72.0,0.75,30.0,15.9,1700.0,44.2,39.8,1.0,0.0,3.0,0.5,40.0,33,100.0,100,band
246,19900710,f450,modmat,47104.0,yes,yes,benton,uncoated,uncoated,no,xylol,yes,motter70,813,1.0,catalog,northus,1911,57.5,56.0,0.5,13.8,73.0,0.75,,4.4,1400.0,52.7,42.9,0.0,0.0,2.0,0.5,40.0,40,96.8,100,noband
338,19901004,g84,kmart,36197.0,no,yes,benton,uncoated,uncoated,no,line,yes,woodhoe70,815,2.0,tabloid,mideuropean,1911,47.5,58.0,0.333,14.0,85.0,0.75,28.0,16.5,1800.0,48.5,35.0,0.0,0.0,2.5,0.5,35.0,40,114.3,100,band
490,19920416,g648,roses,36423.0,no,?,?,coated,coated,no,?,yes,woodhoe70,815,2.0,tabloid,?,1910,55.0,51.0,0.25,16.4,78.0,0.5,29.0,,1800.0,,,,,1.5,1.0,,40,100.0,100,band
462,19910729,f98,wards,37510.0,no,yes,benton,coated,coated,no,line,no,woodhoe70,815,2.0,catalog,?,1910,45.0,61.0,0.2,14.0,98.0,0.75,30.0,0.0,1600.0,58.8,41.2,2.0,0.0,2.4,0.9,30.0,40,100.0,100,band
331,19900926,r9,target,34551.0,no,yes,benton,coated,coated,no,line,yes,woodhoe70,815,9.0,spiegel,canadian,1910,30.0,48.0,0.233,15.0,88.0,0.75,35.0,7.7,,57.7,34.6,0.0,0.0,2.8,0.8,30.0,40,100.0,90,noband
437,19910719,r15,target,88231.0,no,yes,benton,coated,coated,no,line,yes,woodhoe70,816,9.0,spiegel,?,1910,40.0,62.0,0.2,13.7,91.0,0.375,32.0,5.6,2300.0,55.6,38.9,2.0,0.0,2.5,1.0,33.0,40,100.0,100,noband
312,19900909,f126,modmat,47103.0,yes,yes,benton,uncoated,uncoated,no,line,no,albert70,802,7.0,catalog,northus,1911,60.0,50.0,0.233,14.5,70.0,0.75,45.0,15.6,1650.0,45.8,38.5,2.0,0.0,2.5,1.0,40.0,40,100.0,100,noband
125,19910426,f146,modmat,47203.0,yes,yes,benton,uncoated,uncoated,no,line,yes,albert70,802,7.0,catalog,northus,1910,50.0,50.0,0.2,15.5,74.0,0.75,58.0,4.8,1420.0,59.5,35.7,3.0,0.0,3.0,1.0,40.0,40,106.45,100,noband
334,19900924,f126,modmat,47105.0,yes,yes,benton,uncoated,uncoated,no,line,yes,motter70,813,5.0,catalog,northus,1911,60.0,48.0,0.4,16.0,72.0,1.0,,15.2,1600.0,44.6,40.2,0.0,4.0,2.1,0.7,40.0,40,96.97,90,noband
223,19900614,f85,downs,34397.0,yes,yes,benton,uncoated,uncoated,no,line,yes,motter70,813,6.0,catalog,mideuropean,1910,50.0,53.0,0.3,16.5,90.0,0.75,,11.3,1300.0,51.5,37.1,0.0,0.0,2.5,0.7,28.0,35,100.0,100,noband
461,19910719,f601,bestprod,37964.0,no,yes,benton,uncoated,coated,no,line,yes,woodhoe70,815,2.0,catalog,?,1910,40.0,69.0,0.2,14.5,76.0,0.625,22.0,0.0,1250.0,58.8,41.2,1.0,0.0,2.5,1.0,35.0,40,100.0,100,band
219,19900606,g407,childworld,36024.0,yes,yes,benton,coated,uncoated,no,line,no,woodhoe70,815,9.0,tabloid,canadian,1910,52.5,54.0,0.433,16.3,90.0,0.75,38.0,0.0,1800.0,62.5,38.5,0.0,0.0,2.9,1.1,33.0,35,100.0,100,noband
129,19910419,x147,ames,47169.0,no,yes,benton,coated,coated,no,line,yes,motter94,824,9.0,tabloid,canadian,1911,40.0,50.0,0.233,16.0,70.0,0.5625,30.0,0.0,2400.0,58.8,41.2,8.0,0.0,1.5,0.5,33.0,40,103.125,100,noband
506,19920915,aa45,kmart,34534.0,?,?,?,super,uncoated,no,?,yes,motter94,821,7.0,spiegel,?,1911,,60.0,0.300,15.0,82.0,0.5,22.0,,1800.0,,,,,2.5,1.0,,40,96.8,100,band
323,19901002,g55,kmart,36197.0,no,yes,benton,uncoated,coated,no,line,no,woodhoe70,815,1.0,tabloid,northus,1910,55.0,50.0,0.133,14.0,80.0,0.625,32.0,8.0,2000.0,60.0,32.0,0.0,0.0,2.5,0.9,35.0,40,93.55,90,band
499,19920610,r25,target,34465.0,no,?,?,coated,coated,no,?,yes,woodhoe70,816,1.0,spiegel,?,1910,35.0,56.0,0.267,15.1,81.0,0.75,32.0,,2000.0,,,,,2.5,1.0,,40,102.94,100,band
417,19901230,b125,modmat,48201.0,yes,yes,benton,uncoated,uncoated,no,line,yes,woodhoe70,815,2.0,catalog,northus,1911,62.0,52.0,0.433,15.0,78.0,0.75,28.0,5.9,1400.0,58.8,35.3,4.0,0.0,2.5,0.8,40.0,40,103.22,100,band
496,19920530,x36,cvs,34763.0,yes,?,?,uncoated,uncoated,no,?,?,motter94,824,2.0,tabloid,?,1911,55.0,56.0,0.3,21.0,80.0,0.875,35.0,,1650.0,,,,,2.1,0.6,,40,100.0,100,band
393,19901206,x001,tvguide,25450.0,yes,yes,benton,uncoated,uncoated,no,line,yes,motter94,821,7.0,tabloid,northus,1910,45.0,42.0,0.4,14.8,72.0,0.625,20.0,0.0,1800.0,58.8,41.2,0.0,0.0,2.5,0.9,34.0,40,106.25,100,noband
324,19901002,g55,kmart,36197.0,no,yes,benton,uncoated,coated,no,line,yes,woodhoe70,815,1.0,tabloid,northus,1910,55.0,48.0,0.367,14.5,76.0,0.5,30.0,8.0,2000.0,60.0,32.0,0.0,0.0,2.5,1.0,35.0,40,93.55,90,band
294,19900819,f38,dunns,38016.0,yes,yes,benton,uncoated,uncoated,no,line,yes,motter70,813,5.0,catalog,?,1911,45.0,56.0,0.233,16.0,64.0,0.75,,11.1,1350.0,55.5,33.3,0.0,0.0,2.5,0.5,28.0,40,103.3,100,noband
405,19901219,x295,tvguide,25452.0,yes,yes,benton,uncoated,uncoated,no,line,yes,motter94,821,7.0,tabloid,northus,1910,67.5,50.0,0.167,16.5,73.0,0.875,20.0,18.1,1800.0,47.6,34.3,0.0,0.0,2.5,0.8,34.0,40,110.71,100,band
375,19901113,f601,modmat,47106.0,yes,yes,benton,uncoated,uncoated,no,line,no,albert70,802,7.0,catalog,northus,1910,40.0,42.0,0.2,15.0,65.0,0.75,55.0,0.0,1650.0,62.5,37.5,0.0,0.0,2.5,1.0,40.0,40,96.77,100,band
336,19901007,m74,casliving,38059.0,yes,yes,benton,uncoated,uncoated,no,line,yes,albert70,802,7.0,catalog,northus,1911,42.5,52.0,0.333,16.8,80.0,0.625,40.0,0.0,1700.0,54.3,45.7,3.0,0.0,3.0,1.0,34.0,40,107.4,100,noband
112,19910517,x195,toysrus,35982.0,no,no,benton,coated,coated,no,line,no,motter94,824,2.0,tabloid,canadian,1910,47.0,67.0,0.4,16.0,74.0,0.8125,38.0,0.0,1900.0,58.8,41.2,2.0,0.0,2.5,1.1,33.0,40,103.125,100,noband
179,19900518,i331,austads,34402.0,yes,yes,benton,uncoated,uncoated,no,xylol,yes,woodhoe70,815,9.0,catalog,northus,1911,52.0,54.0,0.5,16.0,82.0,0.875,22.0,15.8,900.0,49.5,34.7,0.0,0.0,2.5,1.0,50.0,40,96.7,100,band
340,19901005,x828,brendls,38218.0,no,yes,benton,coated,coated,no,line,yes,motter94,821,7.0,tabloid,canadian,1911,30.0,52.0,0.333,16.5,80.0,0.625,40.0,0.0,1800.0,58.1,41.9,1.0,0.0,2.5,0.4,35.0,40,107.4,100,band
374,19901106,f601,modmat,47106.0,yes,yes,benton,uncoated,uncoated,no,line,no,albert70,802,7.0,catalog,northus,1910,40.0,45.0,0.233,13.6,90.0,0.75,45.0,0.0,1386.0,62.5,37.5,0.0,0.0,3.0,0.7,40.0,40,96.77,100,band
365,19901105,g81,hills,34716.0,no,yes,benton,uncoated,coated,no,line,yes,woodhoe70,816,9.0,tabloid,northus,1910,40.0,43.0,0.267,16.4,79.0,0.3125,35.0,0.5,2400.0,59.5,40.0,0.5,0.0,2.6,1.1,35.0,40,96.77,100,noband
314,19900909,f337,modmat,47103.0,yes,yes,benton,uncoated,uncoated,no,line,no,albert70,802,2.0,catalog,northus,1910,60.0,50.0,0.3,14.5,60.0,0.75,40.0,19.0,1650.0,47.6,33.3,0.0,0.0,2.5,1.0,40.0,40,103.3,100,noband
151,19910524,j62,hills,37915.0,no,yes,benton,coated,coated,no,line,yes,woodhoe70,815,9.0,tabloid,?,1911,50.0,62.0,0.4,14.9,96.0,0.75,26.0,11.0,1950.0,50.0,39.0,0.0,0.0,2.8,0.8,33.0,40,110.0,100,noband
398,19901208,t351,austads,38120.0,yes,yes,?,uncoated,cover,no,line,yes,woodhoe70,815,2.0,catalog,northus,1910,45.0,43.0,0.3,20.0,84.0,0.625,33.0,,1200.0,,,0.0,0.0,2.5,0.5,40.0,40,106.25,100,band
233,19900625,x116,wards,36058.0,no,yes,benton,coated,coated,no,line,?,motter94,824,6.0,tabloid,canadian,1911,50.0,58.0,0.3,16.0,,0.875,24.0,0.0,2200.0,58.8,41.2,0.0,0.0,1.2,0.6,30.0,42,93.75,100,noband
493,19920515,x13,toysrus,34156.0,no,?,?,coated,coated,no,?,yes,motter94,824,10.0,tabloid,?,1911,40.0,52.0,?,13.5,85.0,0.75,30.0,,1900.0,,,,,0.0,0.0,,40,94.4,100,band
425,19901214,x221,eckerds,34693.0,no,yes,benton,coated,coated,no,line,yes,motter94,828,2.0,tabloid,canadian,?,45.0,41.0,0.2,16.1,74.0,1.0,30.0,0.0,1800.0,62.5,37.5,1.0,0.0,2.5,1.2,30.0,40,106.45,100,noband
164,19910622,r2,sheplers,35528.0,yes,yes,benton,uncoated,uncoated,no,line,yes,woodhoe70,816,2.0,spiegel,northus,1910,40.0,68.0,0.3,14.0,88.0,0.75,32.0,0.0,1742.0,60.0,40.0,3.0,0.0,2.5,1.0,40.0,40,103.125,100,band
317,19900910,m309,modmat,47105.0,yes,yes,benton,uncoated,uncoated,no,line,yes,motter70,813,1.0,catalog,northus,1911,65.0,47.0,0.367,12.0,68.0,,,0.0,1600.0,58.8,41.2,0.0,0.0,2.8,0.8,40.0,35,106.25,100,noband
136,19910423,g518,eckerd,35458.0,no,yes,benton,coated,coated,no,line,no,woodhoe70,816,9.0,tabloid,canadian,1910,40.0,56.0,0.233,16.5,79.0,0.5,28.0,0.0,2300.0,60.2,39.8,0.0,0.0,2.5,1.5,30.0,40,106.45,100,band
197,19900505,t244,modmat,47103.0,yes,yes,benton,uncoated,uncoated,no,line,no,albert70,802,7.0,catalog,northus,1910,50.0,52.0,0.2,14.0,80.0,0.75,60.0,4.4,1700.0,54.9,40.7,0.0,0.0,2.5,1.0,40.0,33,100.0,100,band
258,19900723,x750,eckerds,34685.0,no,yes,benton,coated,coated,no,line,yes,motter94,828,10.0,tabloid,canadian,1910,50.0,61.0,0.333,13.0,72.0,1.0,41.0,0.0,2350.0,58.8,41.2,,0.0,2.0,1.0,30.0,35,105.2,100,noband
232,19900622,i347,globalequp,36846.0,no,yes,benton,uncoated,uncoated,no,line,no,albert70,802,2.0,catalog,northus,1910,65.0,65.0,0.4,14.0,100.0,0.75,40.0,7.0,1200.0,58.1,34.9,0.0,0.0,2.5,1.0,40.0,35,100.0,100,band
115,19910507,t32,modmat,47203.0,yes,yes,benton,uncoated,uncoated,no,line,no,albert70,802,7.0,catalog,northus,1910,50.0,55.0,0.233,13.34,74.0,0.625,,4.8,1635.0,59.5,35.7,1.0,0.0,3.0,2.0,40.0,40,100.0,100,noband
120,19910416,x356,tvguide,25517.0,yes,yes,benton,uncoated,uncoated,no,line,no,motter94,821,7.0,tabloid,northus,1911,55.0,53.0,0.3,14.2,72.0,0.625,25.0,22.7,1750.0,45.5,31.8,1.0,0.0,2.4,0.9,34.0,40,103.125,100,band
386,19901120,t281,modmat,47106.0,yes,yes,benton,uncoated,uncoated,no,line,yes,albert70,802,2.0,catalog,northus,1911,40.0,46.0,0.3,15.0,70.0,0.75,50.0,0.0,1800.0,53.9,46.1,0.0,0.0,2.5,1.0,40.0,40,100.0,100,band
224,19900621,i301,global,36846.0,yes,yes,benton,uncoated,cover,no,line,yes,albert70,802,7.0,catalog,northus,1910,50.0,59.0,0.367,13.0,92.0,0.625,49.0,0.0,1300.0,58.8,41.2,0.0,0.0,3.0,1.1,40.0,35,100.0,100,band
444,19910829,i325,childcraft,37001.0,yes,yes,benton,uncoated,uncoated,no,line,yes,albert70,802,2.0,catalog,?,1910,60.0,60.0,0.2,15.0,80.0,0.75,50.0,10.4,1380.0,47.2,42.5,0.0,0.0,3.0,1.0,38.0,40,106.5,100,noband
527,19930916,t26,homeshop,35069.0,?,?,?,coated,coated,?,?,yes,albert70,816,9.0,catalog,?,1911,,56.0,0.200,17.0,75.0,0.75,25.0,,1600.0,,,,,2.0,1.0,,40,103.125,95,band
127,19910428,x21,toysrus,35871.0,no,no,benton,coated,coated,no,line,yes,motter94,824,2.0,tabloid,canadian,1911,35.0,56.0,0.2,15.0,80.0,0.8125,40.0,8.6,2100.0,53.8,37.6,8.0,0.0,1.7,1.0,30.0,40,100.0,100,noband
530,19940904,x255,walmart,71331.0,?,?,?,super,uncoated,?,?,?,motter94,824,2.0,tabloid,?,1911,,54.0,?,15.5,78.0,0.8125,30.0,,2100.0,,,,,1.2,1.0,,40,97.05,100,band
285,19900813,m200,dunns,38016.0,yes,yes,benton,uncoated,uncoated,no,line,no,albert70,802,2.0,catalog,mideuropean,1910,45.0,54.0,0.233,14.3,67.0,0.75,45.0,12.3,1420.0,51.5,36.1,0.0,0.0,3.0,0.6,28.0,35,106.9,100,noband
478,19920205,x7,colortile,34272.0,yes,yes,benton,coated,coated,no,line,yes,motter94,824,9.0,tabloid,?,1910,30.0,40.0,0.2,14.0,73.0,0.5625,30.0,0.0,1800.0,58.8,41.2,0.0,0.0,0.0,0.0,30.0,40,100.0,100,band
512,19921125,i25,homeshop,36569.0,?,?,?,super,cover,no,?,yes,albert70,816,2.0,catalog,?,1910,,53.0,0.300,14.2,72.0,1.0,28.0,,1600.0,,,,,2.7,1.5,,40,106.1,100,band
107,19910502,r14,target,35816.0,no,yes,benton,coated,coated,no,line,yes,woodhoe70,815,2.0,spiegel,canadian,1910,40.0,55.0,0.433,15.5,92.0,0.75,22.0,9.6,1550.0,53.2,37.2,1.0,0.0,2.9,1.3,33.0,40,106.66,100,band
538,19941010,aa70,kmart,85814.0,?,?,?,super,uncoated,?,?,?,motter94,828,2.0,tabloid,?,1910,,46.0,0.267,16.4,76.0,1.0,34.0,,1903.0,,,,,1.5,2.3,,40,108.0,100,band
360,19901031,g98,ames,34588.0,no,yes,benton,coated,coated,no,line,no,woodhoe70,815,2.0,tabloid,canadian,1910,40.0,43.0,0.233,15.5,85.0,0.75,25.0,4.7,2000.0,58.1,37.2,0.0,0.0,2.5,1.0,33.0,40,96.77,100,band
133,19910409,f569,bestprod,37822.0,no,yes,benton,uncoated,cover,no,line,yes,woodhoe70,816,2.0,catalog,northus,1911,40.0,54.0,0.2,15.4,78.0,0.5,34.0,5.7,1736.0,56.8,36.9,0.0,0.0,2.5,1.1,35.0,40,103.125,100,noband
402,19901209,x809,guideposts,23048.0,yes,yes,benton,uncoated,uncoated,no,line,yes,motter94,821,2.0,tabloid,?,1910,40.0,42.0,0.333,16.0,78.0,0.625,20.0,0.0,1550.0,62.5,37.5,0.0,0.0,2.5,1.0,40.0,40,106.25,100,noband
44,19910214,x297,jcpenny,35794.0,no,yes,benton,uncoated,coated,no,line,yes,motter94,827,2.0,tabloid,northus,1911,60.0,43.0,0.267,15.8,57.0,0.75,24.0,1.2,1480.0,58.1,40.7,0.0,0.0,1.4,1.7,33.0,40,103.12,100,noband
509,19920712,i366,homeshopping,36568.0,?,?,?,super,uncoated,no,?,?,albert70,816,2.0,catalog,?,1911,,56.0,0.367,15.1,78.0,0.5,29.0,,1320.0,,,,,2.5,,,40,96.9,100,band
65,19910311,e83,kmart,27386.0,?,yes,benton,uncoated,uncoated,no,line,no,motter94,827,2.0,tabloid,southus,1911,,40.0,0.267,16.4,72.0,1.0,26.0,0.0,2000.0,62.5,37.5,0.0,0.0,2.5,1.0,40.0,40,106.45,100,band
283,19900809,x35,tvguide,25433.0,yes,yes,benton,uncoated,uncoated,no,line,yes,motter94,821,7.0,tabloid,northus,1910,50.0,50.0,0.2,16.2,75.0,0.75,25.0,3.3,1850.0,54.9,41.8,2.0,0.0,2.7,0.9,40.0,35,100.0,100,noband
85,19910319,x720,tvguide,25513.0,yes,yes,benton,uncoated,uncoated,no,line,yes,motter94,821,7.0,tabloid,northus,1911,45.0,45.0,?,14.7,75.0,0.625,30.0,15.0,1734.0,50.0,35.0,2.0,0.0,1.5,0.6,34.0,40,103.22,100,band
242,19900710,b181,modmat,47104.0,yes,yes,benton,uncoated,uncoated,no,line,yes,albert70,802,2.0,catalog,northus,1910,40.0,56.0,0.3,16.5,80.0,,45.0,20.3,1400.0,44.2,35.5,0.0,0.0,3.0,0.6,40.0,35,100.0,100,noband
186,19900409,g467,eckerd,34683.0,no,yes,benton,coated,coated,no,line,yes,woodhoe70,815,2.0,tabloid,northus,1910,40.0,38.0,0.3,16.0,92.0,0.625,25.0,1.1,1900.0,53.8,45.2,0.0,0.0,2.5,1.0,30.0,33,100.0,100,noband
424,19901211,x242,ames,34590.0,no,yes,benton,coated,coated,no,line,yes,motter94,827,2.0,tabloid,canadian,1910,50.0,40.0,0.233,15.0,88.0,0.75,30.0,0.0,2233.0,58.8,41.2,8.0,0.0,3.0,1.0,33.0,40,106.45,100,noband
159,19910614,x158,roses,35759.0,no,yes,benton,coated,coated,no,line,yes,motter94,827,2.0,tabloid,canadian,1910,45.0,69.0,0.267,15.6,72.0,0.75,21.0,5.6,2426.0,55.6,38.9,0.0,0.0,2.85,1.1,30.0,40,103.22,100,noband
12,19910117,x67,hanovrhous,35539.0,yes,yes,benton,uncoated,uncoated,no,line,yes,motter94,821,7.0,tabloid,northus,1911,50.0,50.0,0.3,15.0,70.0,1.0,30.0,10.0,1600.0,50.0,40.0,0.0,0.0,2.8,1.0,38.0,40,106.66,100,band
35,19910211,m254,abbypress,27490.0,no,yes,benton,coated,coated,no,line,yes,motter70,813,1.0,catalog,?,1911,30.0,42.0,0.2,15.4,64.0,0.875,,0.0,1425.0,63.0,37.0,0.0,0.0,1.0,1.3,34.0,40,107.4,100,noband
28,19910201,x29,woolworth,37080.0,no,yes,benton,coated,coated,no,line,no,motter94,828,2.0,tabloid,canadian,1911,35.0,42.0,?,15.0,75.0,0.75,30.0,0.0,2100.0,58.8,41.2,0.0,0.0,2.0,0.8,30.0,40,107.4,100,band
170,19910607,aa11,kmart,37365.0,no,yes,benton,uncoated,coated,no,line,yes,motter94,827,9.0,tabloid,northus,1910,42.5,58.0,0.4,15.0,76.0,1.0,20.0,5.4,2000.0,54.3,40.2,0.0,0.0,2.5,1.0,35.0,40,103.33,100,band
142,19910603,e86,kmart,37365.0,no,yes,benton,uncoated,coated,no,line,yes,motter94,827,9.0,tabloid,canadian,1911,37.5,70.0,0.4,15.0,65.0,0.75,25.0,5.4,1500.0,54.3,40.2,0.0,0.0,2.3,0.9,40.0,40,106.66,100,noband
440,19910727,x823,ames,37182.0,no,yes,benton,coated,coated,no,line,yes,motter94,821,7.0,tabloid,?,1911,45.0,58.0,0.2,15.0,72.0,0.625,25.0,10.5,2100.0,52.6,36.8,5.0,0.0,2.5,0.8,33.0,40,103.125,100,noband
377,19901114,g604,woolworth,34997.0,no,yes,benton,coated,coated,no,line,yes,woodhoe70,815,9.0,tabloid,canadian,1910,50.0,47.0,0.2,16.2,74.0,0.75,28.0,10.8,2000.0,53.4,35.8,0.0,0.0,2.5,1.3,30.0,40,100.0,100,band
221,19900606,x777,tvguide,25424.0,yes,yes,benton,uncoated,uncoated,no,xylol,yes,motter94,821,2.0,tabloid,northus,?,40.0,54.0,?,14.6,85.0,,20.0,21.7,1850.0,43.5,34.8,0.0,0.0,2.5,0.8,40.0,?,,100,noband
95,19910330,x830,belk,35534.0,yes,yes,benton,uncoated,uncoated,no,line,no,motter94,827,9.0,tabloid,northus,1910,45.0,44.0,0.3,15.5,75.0,1.25,20.0,14.1,1300.0,50.5,35.4,0.0,0.0,2.5,1.5,40.0,40,110.0,100,noband
51,19910223,x821,belk,37335.0,yes,yes,benton,uncoated,uncoated,no,line,yes,motter94,827,2.0,tabloid,northus,1911,47.5,41.0,0.233,16.5,72.0,0.75,20.0,14.1,1300.0,50.5,35.4,4.0,0.0,2.5,1.0,50.0,40,96.97,100,band
240,19900707,t245,massey,36784.0,yes,yes,benton,uncoated,uncoated,no,line,yes,woodhoe70,815,2.0,catalog,northus,1910,60.0,58.0,0.333,15.1,93.0,1.0,25.0,0.0,1650.0,56.1,33.9,0.0,0.0,2.5,1.0,40.0,35,100.0,100,band
411,19901212,i331,austads,38121.0,yes,yes,benton,uncoated,uncoated,no,line,no,woodhoe70,815,9.0,catalog,canadian,1910,45.0,42.0,0.367,16.0,83.0,0.625,30.0,0.0,1950.0,58.8,41.2,0.0,0.0,2.5,1.0,40.0,40,106.45,100,band
351,19901027,g465,woolwrth,34996.0,no,yes,benton,coated,coated,no,line,yes,woodhoe70,816,9.0,tabloid,?,1910,35.0,43.0,0.367,13.0,75.0,0.75,,0.0,2000.0,62.5,37.5,0.0,0.0,2.5,1.1,30.0,40,100.0,100,band
467,19920114,i49,modmat,47301.0,no,yes,benton,uncoated,uncoated,no,line,yes,woodhoe70,816,2.0,catalog,?,1911,,43.0,0.2,15.2,78.0,0.75,32.0,8.2,1500.0,51.0,40.8,2.0,0.0,2.7,1.8,40.0,40,106.25,100,band
178,19900511,m260,modmat,47103.0,yes,yes,benton,uncoated,uncoated,no,line,yes,motter70,813,1.0,catalog,northus,1910,50.0,48.0,0.233,13.0,80.0,1.0,,18.9,1700.0,47.2,34.0,0.0,0.0,2.7,0.6,40.0,33,100.0,100,band
431,19910815,x381,eckerds,35462.0,no,yes,benton,coated,coated,no,line,no,motter94,824,2.0,tabloid,?,?,40.0,58.0,0.2,17.0,75.0,0.05625,30.0,0.0,1900.0,58.8,41.2,0.0,0.0,2.6,1.4,30.0,40,103.225,100,band
41,19910211,m254,abbypress,27490.0,no,yes,benton,coated,coated,no,line,yes,motter70,813,1.0,catalog,northus,1911,30.0,42.0,0.2,15.4,64.0,0.875,,0.0,1425.0,61.7,38.3,0.0,0.0,1.0,1.3,34.0,40,107.4,100,noband
481,19910724,m374,uscav,35522.0,yes,yes,benton,uncoated,uncoated,no,line,no,albert70,802,7.0,catalog,?,1911,37.5,65.0,0.2,16.0,80.0,0.625,50.0,6.6,1640.0,54.9,38.5,3.0,0.0,3.0,1.0,32.0,40,103.13,100,band
428,19901218,f482,downs,35525.0,yes,yes,benton,uncoated,uncoated,no,line,yes,woodhoe70,815,2.0,catalog,northus,1910,40.0,41.0,0.267,15.5,76.0,0.75,28.0,3.6,1750.0,60.2,36.1,4.0,0.0,3.0,1.0,40.0,40,117.85,100,noband
206,19900507,m257,homeshopping,36928.0,no,yes,benton,coated,coated,no,line,yes,woodhoe70,815,2.0,catalog,canadian,1910,40.0,54.0,0.3,15.0,88.0,0.75,28.0,0.0,1800.0,58.8,41.2,0.0,0.0,2.5,1.2,30.0,33,100.0,100,noband
282,19900810,w516,sheplers,36776.0,yes,yes,benton,uncoated,uncoated,no,xylol,yes,albert70,802,2.0,spiegel,northus,1910,40.0,50.0,0.267,13.5,75.0,0.75,45.0,0.0,1700.0,58.8,41.2,0.0,0.0,3.0,0.6,40.0,35,100.0,100,noband
358,19901027,g465,woolworth,34996.0,no,yes,benton,coated,coated,no,line,yes,woodhoe70,816,9.0,tabloid,?,1910,35.0,43.0,0.367,13.0,75.0,0.75,,0.0,2000.0,62.5,37.5,0.0,0.0,2.5,1.1,30.0,40,100.0,100,band
254,19900726,f261,rei,36644.0,yes,yes,benton,uncoated,uncoated,no,line,no,albert70,802,7.0,catalog,northus,1910,57.5,53.0,0.367,14.5,70.0,0.625,58.0,20.2,1600.0,42.0,37.8,3.0,0.0,3.0,1.0,40.0,35,105.2,100,noband
455,19910809,t365,adco,39200.0,yes,yes,benton,uncoated,uncoated,no,line,no,woodhoe70,815,2.0,catalog,?,1910,40.0,68.0,0.2,14.8,90.0,1.0,30.0,0.0,1440.0,58.8,41.2,0.0,0.0,2.5,1.0,40.0,40,103.13,100,band
4,19910111,j34,kmart,37351.0,no,yes,benton,uncoated,coated,no,line,yes,woodhoe70,816,2.0,tabloid,?,1910,50.0,46.0,0.3,17.0,80.0,0.75,30.0,0.0,2100.0,57.5,42.5,5.0,0.0,2.3,0.6,35.0,40,106.67,100,noband
256,19900723,f294,uscav,35683.0,yes,yes,benton,uncoated,uncoated,no,line,no,albert70,802,2.0,catalog,northus,1910,65.0,61.0,0.367,14.8,80.0,0.375,45.0,19.5,1660.0,42.4,38.1,0.0,0.0,3.0,1.0,32.0,35,105.2,100,noband
495,19920529,r38,target,34453.0,no,?,?,uncoated,coated,no,?,yes,woodhoe70,816,9.0,spiegel,?,1910,50.0,56.0,0.3,15.0,80.0,0.1875,26.0,,1950.0,,,,,2.5,1.5,,40,102.857,100,band
100,19910402,o2,target,35814.0,no,yes,benton,uncoated,coated,no,line,yes,motter94,827,2.0,spiegel,canadian,1911,35.0,43.0,0.233,14.0,75.0,1.25,20.0,7.6,,54.3,38.0,0.0,0.0,2.5,2.0,33.0,40,106.66,100,noband
226,19900622,t178,casualliving,38025.0,yes,yes,benton,uncoated,uncoated,no,line,no,woodhoe70,815,2.0,catalog,northus,1910,55.0,55.0,0.3,13.0,86.0,0.75,28.0,13.7,1700.0,49.0,37.3,0.0,0.0,3.0,0.8,34.0,35,100.0,100,noband
470,19911103,g634,toysrus,35880.0,no,no,benton,coated,coated,no,line,?,woodhoe70,816,2.0,tabloid,?,1910,40.0,40.0,?,15.7,85.0,0.3125,27.0,4.3,2050.0,53.2,42.5,1.0,0.0,2.5,1.5,30.0,40,103.13,100,band
213,19900615,r17,target,34547.0,no,yes,benton,coated,coated,no,line,yes,woodhoe70,815,9.0,spiegel,canadian,1910,30.0,58.0,0.433,15.9,81.0,0.625,30.0,0.0,2150.0,62.5,37.5,10.0,0.0,2.5,1.0,30.0,35,90.0,100,noband
465,19920105,i365,childcraft,34250.0,yes,yes,benton,uncoated,cover,no,line,no,woodhoe70,816,2.0,catalog,?,1911,50.0,47.0,0.2,15.0,80.0,0.625,28.0,0.0,1750.0,59.0,41.0,0.0,0.0,1.0,1.0,38.0,40,91.89,100,band
171,19910707,m362,modmat,47204.0,yes,yes,benton,coated,coated,no,line,yes,motter70,813,9.0,catalog,northus,1910,50.0,64.0,0.233,18.0,64.0,1.0,,0.0,1300.0,62.5,37.5,0.0,0.0,3.0,1.0,40.0,40,106.45,100,band
98,19910327,x390,colortile,37572.0,no,yes,benton,coated,coated,no,line,yes,motter94,824,2.0,tabloid,canadian,1911,35.0,48.0,0.233,16.0,76.0,0.8125,30.0,8.9,1900.0,49.5,41.6,0.0,0.0,2.5,1.2,30.0,40,103.22,100,noband
292,19900812,r23,target,34549.0,no,yes,benton,coated,coated,no,line,yes,woodhoe70,815,9.0,spiegel,canadian,1910,45.0,54.0,0.367,15.0,100.0,0.75,33.0,2.3,2000.0,56.8,40.9,0.0,0.0,2.75,0.9,33.0,35,106.9,100,noband
215,19900612,x423,wards,36894.0,no,yes,benton,coated,coated,no,line,yes,motter94,824,2.0,tabloid,canadian,1910,30.0,51.0,0.3,16.0,70.0,0.8125,20.0,0.0,2250.0,58.8,41.2,0.0,0.0,1.5,0.6,30.0,35,103.3,100,noband
61,19910301,e69,kmart,37386.0,yes,yes,benton,uncoated,uncoated,no,line,yes,motter94,827,2.0,tabloid,southus,1910,40.0,39.0,0.233,15.0,77.0,0.75,20.0,9.4,2000.0,52.1,38.5,0.0,0.0,2.5,1.0,40.0,40,103.22,100,noband
47,19910215,e303,cenpurch,37441.0,no,yes,benton,coated,coated,no,line,yes,motter94,821,2.0,tabloid,canadian,1911,25.0,38.0,0.2,13.0,75.0,0.625,25.0,0.0,1600.0,57.5,42.5,0.0,0.0,2.5,0.85,30.0,40,103.12,100,noband
32,19910206,x141,tvguide,25507.0,yes,yes,benton,uncoated,uncoated,no,line,yes,motter94,821,2.0,tabloid,?,1911,45.0,44.0,0.267,14.1,78.0,0.625,22.0,7.6,1510.0,54.3,38.0,0.0,0.0,2.5,0.7,34.0,40,114.28,100,noband
267,19900730,x153,roses,34896.0,no,yes,benton,coated,coated,no,line,yes,motter94,828,2.0,tabloid,northus,1910,40.0,54.0,0.4,15.2,88.0,0.875,,5.9,2300.0,49.5,44.6,8.0,0.0,2.5,1.0,33.0,35,111.1,100,noband
327,19901001,x271,toysrus,34754.0,no,no,benton,coated,coated,no,line,yes,motter94,824,2.0,tabloid,canadian,1910,42.5,48.0,0.2,16.0,70.0,0.8125,35.0,0.0,2050.0,66.7,33.3,2.0,0.0,1.7,1.0,30.0,40,93.55,90,noband
200,19900507,t78,modmat,47103.0,yes,yes,benton,uncoated,uncoated,no,line,yes,albert70,802,2.0,catalog,northus,1910,72.5,54.0,0.2,14.5,82.0,0.75,50.0,2.2,1900.0,56.7,41.6,0.0,0.0,3.0,0.9,40.0,33,100.0,100,noband
492,19920320,g38,roses,34293.0,no,?,?,coated,coated,no,?,yes,woodhoe70,816,2.0,tabloid,?,1910,47.5,50.0,0.2,17.0,70.0,0.5,30.0,,2000.0,,,,,2.2,0.7,,40,103.225,100,band
27,19910130,e310,kmart,37352.0,no,yes,benton,uncoated,coated,no,line,yes,motter94,827,2.0,tabloid,scandanavian,1911,50.0,45.0,0.3,15.2,72.0,1.0,25.0,5.9,2150.0,58.8,35.3,0.0,0.0,2.5,1.0,35.0,40,107.4,100,noband
471,19911102,g69,toysrus,35880.0,no,no,benton,coated,coated,no,line,yes,woodhoe70,816,2.0,tabloid,?,1911,40.0,40.0,0.3,14.9,75.0,0.625,28.0,4.3,2000.0,53.2,42.5,4.0,0.0,2.5,1.5,30.0,40,117.86,100,band
230,19900626,x95,tvguide,25427.0,yes,yes,benton,uncoated,uncoated,no,line,no,motter94,821,7.0,tabloid,northus,1910,55.0,49.0,0.233,15.6,80.0,1.0,30.0,35.8,1950.0,41.7,22.5,1.0,0.0,2.7,1.0,40.0,37,100.0,100,band
260,19900723,x25,roses,34894.0,no,yes,benton,coated,coated,no,line,yes,motter94,821,7.0,tabloid,canadian,1910,50.0,61.0,0.333,13.1,70.0,0.75,25.0,21.7,2100.0,41.7,36.6,5.0,0.0,2.5,0.8,30.0,35,105.2,100,noband
378,19901115,g5,woolworth,34997.0,no,yes,benton,coated,coated,no,line,yes,woodhoe70,815,2.0,tabloid,canadian,1910,50.0,47.0,0.267,16.0,92.0,0.75,35.0,0.0,1800.0,68.0,32.0,1.0,0.0,2.6,1.2,30.0,40,100.0,100,band
288,19900813,x333,walmart,34493.0,no,yes,benton,coated,coated,no,line,yes,motter94,824,9.0,tabloid,?,1910,30.0,54.0,0.5,13.6,70.0,0.8125,30.0,0.0,2000.0,58.8,41.2,0.0,0.0,2.3,0.9,30.0,35,100.0,100,noband
162,19910627,x820,wards,37502.0,no,yes,benton,coated,coated,no,line,no,motter94,824,2.0,tabloid,canadian,1910,,66.0,0.2,15.0,82.0,0.8125,30.0,7.0,1900.0,58.1,34.9,5.0,0.0,2.5,0.9,30.0,40,103.125,100,band
391,19901113,x770,kmart,36167.0,no,?,benton,uncoated,coated,no,line,yes,motter94,828,2.0,tabloid,scandanavian,1910,45.0,41.0,0.333,15.8,78.0,1.0,40.0,0.0,2300.0,62.5,37.5,4.0,0.0,2.5,1.4,35.0,40,100.0,100,noband
468,19920110,i49,modmat,47301.0,yes,yes,benton,uncoated,uncoated,no,line,yes,woodhoe70,816,2.0,catalog,?,1911,55.0,44.0,0.2,15.0,70.0,0.625,28.0,8.2,1700.0,51.0,40.8,0.0,0.0,2.5,2.0,40.0,40,100.0,100,band
138,19910604,x818,kmart,37365.0,no,yes,benton,uncoated,coated,no,line,yes,motter94,828,2.0,tabloid,scandanavian,1910,47.5,68.0,0.4,16.0,80.0,0.75,30.0,0.0,2250.0,58.8,41.2,0.0,0.0,1.5,1.0,35.0,40,106.45,100,noband
62,19910301,e77,kmart,37386.0,yes,yes,benton,uncoated,uncoated,no,line,yes,motter94,827,9.0,tabloid,southus,1910,40.0,39.0,0.2,15.0,79.0,0.75,20.0,11.8,2000.0,49.0,39.2,0.0,0.0,2.5,1.0,40.0,40,103.22,100,noband
135,19910430,x12,tvguide,25519.0,yes,yes,benton,uncoated,uncoated,no,line,no,motter94,821,7.0,tabloid,northus,1910,52.0,64.0,0.4,15.5,82.0,0.625,30.0,0.0,1800.0,71.4,28.6,4.0,0.0,2.5,0.9,34.0,40,103.125,100,band
128,19910419,x220,ames,37169.0,no,yes,benton,coated,coated,no,line,yes,motter94,824,2.0,tabloid,canadian,1911,40.0,50.0,0.2,16.0,68.0,0.8125,30.0,0.0,2400.0,58.8,41.2,8.0,0.0,2.5,1.5,33.0,40,103.125,100,noband
523,19930624,y209,kmart,85741.0,?,?,?,uncoated,uncoated,?,?,?,albert70,816,2.0,tabloid,?,1911,,,0.300,15.0,80.0,0.5,30.0,,2020.0,,,,,2.9,0.5,,40,110.3,100,band
8,19910112,m372,modmat,47201.0,yes,yes,benton,uncoated,uncoated,no,xylol,yes,albert70,802,7.0,catalog,northus,1910,50.0,45.0,0.367,12.0,70.0,0.75,60.0,0.0,1650.0,60.2,39.8,1.5,0.0,3.0,1.0,40.0,40,103.22,100,band
326,19901002,g150,kmart,36197.0,no,yes,benton,uncoated,uncoated,no,line,yes,woodhoe70,816,2.0,tabloid,mideuropean,1911,55.0,50.0,0.2,17.0,78.0,0.25,32.0,9.7,1900.0,52.2,38.1,0.0,0.0,3.0,0.9,35.0,40,96.97,90,band
344,19901017,t200,servmerch,38240.0,yes,yes,benton,uncoated,uncoated,no,xylol,yes,albert70,802,2.0,catalog,mideuropean,1911,60.0,46.0,0.333,,70.0,0.625,50.0,19.0,1391.0,47.6,33.3,0.0,0.0,2.7,0.7,38.5,40,114.29,100,noband
64,19910306,e67,kmart,37386.0,?,yes,benton,uncoated,uncoated,no,line,yes,motter94,827,2.0,tabloid,southus,1910,,48.0,0.233,14.0,80.0,0.75,30.0,0.0,2000.0,62.5,37.5,0.0,0.0,,,40.0,40,109.67,100,band
300,19900831,x197,tvguide,25437.0,yes,yes,benton,uncoated,uncoated,no,line,no,motter94,821,7.0,tabloid,northus,1911,57.5,51.0,0.333,15.2,70.0,0.625,25.0,11.1,1850.0,50.5,38.4,3.0,0.0,2.5,0.8,34.0,30,100.0,100,noband
14,19910117,x273,hanovrhous,35539.0,yes,yes,benton,uncoated,uncoated,no,line,yes,motter94,821,2.0,tabloid,northus,1911,50.0,43.0,0.267,16.0,75.0,1.0,20.0,15.8,1600.0,49.5,34.7,0.0,0.0,2.5,1.0,38.0,40,103.22,100,noband
156,19910611,x390,ames,37177.0,no,yes,benton,coated,coated,no,line,yes,motter94,828,2.0,tabloid,canadian,1910,40.0,56.0,0.3,17.0,82.0,0.75,30.0,0.0,2550.0,52.6,47.4,0.0,0.0,2.0,1.0,33.0,40,103.22,100,noband
40,19910212,i353,sears,37869.0,no,yes,benton,uncoated,coated,no,line,yes,woodhoe70,815,2.0,catalog,northus,1910,35.0,44.0,0.3,16.0,80.0,1.0,32.0,7.0,1400.0,58.1,34.9,0.0,0.0,3.0,1.0,28.0,40,103.12,100,noband
379,19901125,w357,toysrus,34759.0,no,no,benton,coated,coated,no,line,yes,woodhoe70,816,1.0,spiegel,canadian,1910,32.5,47.0,0.267,16.1,88.0,0.3125,28.0,0.0,2189.0,62.5,37.5,0.0,0.0,2.4,0.8,30.0,40,100.0,100,noband
507,19920918,aa29,kmart,34534.0,?,?,?,super,uncoated,no,?,yes,motter94,821,7.0,spiegel,?,1911,,60.0,0.267,14.8,80.0,0.625,25.0,,1850.0,,,,,2.5,1.0,,40,96.9,100,band
451,19910818,x57,wards,37513.0,no,yes,benton,coated,coated,no,line,yes,motter94,824,2.0,tabloid,?,1911,40.0,59.0,0.3,16.4,85.0,0.8125,30.0,0.0,1900.0,58.8,41.2,10.0,0.0,2.0,0.8,30.0,40,96.88,100,noband
216,19900612,x414,wards,36894.0,no,yes,benton,coated,coated,yes,line,yes,motter94,824,9.0,tabloid,canadian,1910,30.0,51.0,0.333,16.0,76.0,0.875,25.0,19.1,2250.0,42.7,38.2,3.0,0.0,1.2,0.5,30.0,35,103.3,100,noband
409,19901212,i317,austads,38121.0,yes,yes,benton,uncoated,cover,no,line,no,woodhoe70,815,2.0,catalog,canadian,1910,45.0,42.0,0.267,14.0,89.0,0.75,26.0,0.0,1450.0,58.8,41.2,1.0,0.0,2.5,1.0,40.0,40,103.22,100,band
279,19900807,x315,ames,34585.0,no,yes,?,coated,coated,no,line,yes,motter94,828,2.0,tabloid,canadian,1910,30.0,50.0,0.2,15.6,84.0,1.0,,0.0,2400.0,58.8,41.2,4.0,0.0,2.5,0.9,33.0,35,96.8,100,noband
480,19910817,r6,sheplers,35529.0,yes,yes,benton,uncoated,uncoated,no,line,yes,albert70,802,7.0,spiegel,?,1910,45.0,63.0,0.267,15.0,80.0,0.75,50.0,0.0,1470.0,58.8,41.2,2.0,0.0,3.0,1.0,34.0,40,100.0,100,band
476,19910724,f620,uscav,35522.0,yes,yes,benton,uncoated,uncoated,no,line,no,albert70,802,2.0,catalog,?,1911,40.0,65.0,0.2,15.0,80.0,0.625,50.0,10.4,1640.0,47.2,42.4,1.0,0.0,3.0,1.5,32.0,40,103.13,100,band
337,19901007,g67,kmart,36197.0,no,yes,benton,uncoated,uncoated,no,line,yes,woodhoe70,815,9.0,tabloid,mideuropean,1911,47.5,53.0,0.3,15.0,72.0,0.75,25.0,22.0,1500.0,45.9,32.1,0.0,0.0,2.5,0.8,35.0,40,114.3,100,band
236,19900702,j6,yieldhouse,34367.0,yes,yes,benton,uncoated,uncoated,no,line,yes,woodhoe70,816,9.0,tabloid,northus,1911,62.5,47.0,0.167,17.0,75.0,0.75,30.0,14.3,1700.0,47.6,38.1,0.0,0.0,3.0,0.5,40.0,40,96.9,100,band
207,19900606,x138,tvguide,25424.0,yes,yes,benton,uncoated,uncoated,no,line,no,motter94,821,7.0,tabloid,northus,1911,40.0,54.0,0.333,14.1,80.0,,20.0,24.8,1850.0,41.3,33.9,3.0,0.0,2.5,0.8,40.0,40,103.3,100,noband
212,19900608,f89,jamesway,36649.0,no,yes,benton,coated,coated,no,line,?,motter70,813,1.0,catalog,scandanavian,1911,47.5,62.0,?,15.0,80.0,,,5.6,,56.2,38.2,0.0,0.0,2.5,1.0,35.0,40,96.9,100,noband
295,19900818,x91,lazarus,34154.0,yes,yes,benton,uncoated,uncoated,no,line,no,motter94,828,2.0,tabloid,?,1910,45.0,56.0,0.333,14.9,85.0,1.0,30.0,17.3,1600.0,48.1,34.6,0.0,0.0,2.8,1.0,40.0,35,100.0,100,noband
504,19920826,f131,hanoverhouse,34905.0,?,?,?,coated,coated,no,?,yes,albert70,816,9.0,catalog,?,1910,,67.0,0.300,15.1,80.0,0.75,28.0,,1780.0,,,,,2.5,1.0,,40,106.25,100,band
251,19900710,t280,modmat,47104.0,yes,yes,benton,coated,coated,no,line,yes,motter70,813,9.0,catalog,northus,1911,55.0,56.0,0.4,15.0,93.0,0.75,,0.0,1250.0,62.5,37.5,0.0,0.0,2.5,1.0,40.0,40,96.8,100,noband
531,19941004,aa97,kmart,85813.0,?,?,?,super,coated,?,?,yes,motter94,828,2.0,tabloid,?,1910,,53.0,?,17.0,73.0,0.75,35.0,,2100.0,,,,,2.6,1.3,,40,113.3,100,band
505,19920911,aa58,kmart,34534.0,?,?,?,super,uncoated,no,?,yes,motter94,821,7.0,spiegel,?,1911,,50.0,0.333,15.7,82.0,,30.0,,1850.0,,,,,,,,40,103.22,100,band
303,19900825,x60,ames,38013.0,no,yes,benton,uncoated,coated,no,line,yes,motter94,824,9.0,tabloid,?,1910,45.0,55.0,0.3,16.1,82.0,0.75,30.0,0.0,2400.0,58.8,41.2,0.0,0.0,2.0,0.8,30.0,45,93.75,100,noband
350,19901014,x771,toysrus,34756.0,no,no,benton,coated,coated,no,line,yes,motter94,824,9.0,tabloid,canadian,1911,30.0,54.0,?,14.9,72.0,1.25,30.0,3.6,2100.0,60.2,36.1,1.5,0.0,2.5,1.2,30.0,40,114.29,100,noband
269,19900730,f131,downs,23050.0,yes,yes,benton,uncoated,uncoated,no,line,yes,woodhoe70,816,2.0,catalog,northus,1910,57.5,54.0,0.367,16.2,79.0,0.5,23.0,19.0,1500.0,47.6,33.4,5.0,0.0,3.0,1.0,32.0,35,93.3,100,noband
501,19920709,i347,modmat,47304.0,yes,?,?,uncoated,uncoated,no,?,yes,woodhoe70,815,9.0,catalog,?,1911,50.0,67.0,0.3,14.5,86.0,0.75,22.0,,1300.0,,,,,2.5,2.0,,40,102.77,100,band
201,19900507,m4,modmat,47103.0,yes,yes,benton,uncoated,uncoated,no,line,yes,motter70,813,5.0,catalog,northus,1910,47.5,54.0,0.2,16.08,69.0,1.0,,3.3,1700.0,55.5,41.1,0.0,0.0,2.5,0.9,40.0,30,103.3,100,noband
161,19910614,g69,wards,37501.0,no,yes,benton,coated,coated,no,line,no,woodhoe70,815,9.0,tabloid,canadian,1910,32.5,69.0,0.2,15.5,94.0,0.75,30.0,0.5,2050.0,52.6,42.1,0.0,0.0,2.5,1.0,33.0,40,100.0,100,noband
43,19910214,x129,roses,35752.0,no,yes,benton,coated,coated,no,line,yes,motter94,824,2.0,tabloid,canadian,1910,50.0,43.0,0.3,16.3,80.0,0.8125,30.0,0.0,2270.0,55.6,44.4,12.0,0.0,1.5,1.5,30.0,40,103.22,100,noband
217,19900615,x84,wards,36057.0,no,yes,benton,coated,coated,no,line,yes,motter94,827,9.0,tabloid,canadian,1910,30.0,58.0,0.467,15.0,98.0,0.75,30.0,0.0,2300.0,58.8,41.2,6.0,0.0,2.25,1.0,30.0,35,100.0,100,noband
401,19901209,x220,guideposts,23048.0,yes,yes,benton,uncoated,uncoated,no,line,yes,motter94,821,7.0,tabloid,?,1910,40.0,42.0,0.333,15.5,64.0,0.625,20.0,10.5,1550.0,52.6,36.9,0.0,0.0,2.0,0.6,40.0,40,106.25,100,noband
190,19900409,x203,tvguide,25416.0,yes,yes,benton,uncoated,uncoated,no,line,no,motter94,821,7.0,tabloid,northus,1911,47.5,41.0,0.333,18.0,74.0,0.5,30.0,17.7,1900.0,44.2,38.1,2.0,0.0,2.5,1.0,40.0,33,100.0,100,band
309,19900921,r6,target,34551.0,no,yes,benton,coated,coated,no,line,no,woodhoe70,815,1.0,spiegel,canadian,1910,35.0,56.0,0.267,15.0,70.0,1.0,33.0,0.0,2350.0,65.2,34.8,0.0,0.0,2.5,1.0,30.0,40,93.75,90,band
259,19900723,x351,roses,34894.0,no,yes,benton,coated,coated,no,line,no,motter94,821,2.0,tabloid,canadian,1910,45.0,61.0,0.4,14.0,78.0,0.75,20.0,25.6,2100.0,42.7,31.7,0.0,0.0,2.5,0.8,30.0,35,105.2,100,noband
105,19910501,g608,eckerd,35458.0,no,yes,benton,coated,coated,no,line,no,woodhoe70,816,2.0,tabloid,canadian,1910,40.0,60.0,0.233,15.0,78.0,1.0,28.0,0.0,2380.0,60.0,40.0,3.0,0.0,2.5,1.0,30.0,40,106.66,100,band
53,19910220,x826,toysrus,35870.0,no,no,benton,coated,coated,no,line,no,motter94,824,9.0,tabloid,canadian,1911,40.0,46.0,0.267,16.5,68.0,0.875,25.0,0.0,1700.0,58.8,41.2,0.0,0.0,1.0,1.0,33.0,40,103.125,100,noband
389,19901115,o1,target,34554.0,no,yes,benton,uncoated,coated,no,line,yes,motter94,827,2.0,spiegel,northus,1910,45.0,42.0,0.2,14.0,75.0,1.0,20.0,11.2,1800.0,51.0,37.8,8.0,0.0,2.5,1.0,35.0,40,100.0,100,noband
1,19910109,x266,tvguide,25503.0,yes,yes,benton,uncoated,uncoated,no,line,yes,motter94,821,2.0,tabloid,northus,?,55.0,46.0,0.3,15.0,80.0,0.75,20.0,6.6,1900.0,54.9,38.5,0.0,0.0,2.5,0.7,34.0,40,105.0,100,noband
487,19920317,aa43,kmart,34518.0,no,?,?,uncoated,coated,no,?,no,motter94,821,7.0,?,?,1911,45.0,36.0,?,14.0,76.0,0.625,20.0,,1700.0,,,,,2.0,0.9,,40,100.0,100,band
359,19901030,g3,woolworth,34996.0,no,yes,benton,coated,coated,no,line,yes,woodhoe70,816,9.0,tabloid,?,1910,35.0,42.0,0.3,15.9,78.0,0.375,32.0,0.0,2150.0,62.5,37.5,0.0,0.0,1.7,0.9,30.0,40,101.67,100,band
49,19910221,j42,kmart,37354.0,no,yes,benton,uncoated,uncoated,no,line,yes,woodhoe70,816,9.0,tabloid,scandanavian,1911,40.0,46.0,0.333,15.9,78.0,0.5,34.0,2.4,2000.0,61.0,36.6,0.0,0.0,2.4,1.3,35.0,40,103.22,100,noband
419,19901215,f372,downs,35525.0,yes,yes,benton,uncoated,uncoated,no,line,yes,woodhoe70,815,2.0,catalog,northus,1910,40.0,54.0,0.267,22.2,77.0,0.625,32.0,6.25,1000.0,56.25,37.5,0.0,0.0,3.0,1.2,40.0,40,106.45,100,band
80,19910316,x18,kmart,37355.0,no,yes,benton,uncoated,coated,no,line,yes,motter94,828,9.0,tabloid,scandanavian,1910,40.0,44.0,0.2,16.1,78.0,0.9375,30.0,5.6,1800.0,55.6,38.9,0.0,0.0,2.0,1.0,35.0,40,103.22,100,noband
205,19900507,m432,homeshopping,36928.0,no,yes,benton,coated,coated,no,line,yes,woodhoe70,815,9.0,catalog,canadian,1910,40.0,54.0,0.233,15.0,80.0,0.75,28.0,0.0,1800.0,58.8,41.2,0.0,0.0,2.5,1.2,30.0,33,100.0,100,noband
34,19910208,v376,woolwrth,37080.0,no,yes,benton,coated,coated,no,line,no,motter94,828,2.0,tabloid,?,1911,40.0,47.0,0.333,17.0,78.0,0.75,35.0,0.0,2400.0,58.8,41.2,4.0,0.0,2.5,1.0,30.0,40,100.0,100,band
430,19910810,i309,childcraft,37001.0,yes,yes,benton,uncoated,uncoated,no,line,no,albert70,802,7.0,catalog,?,1911,45.0,62.0,0.233,15.0,76.0,0.75,50.0,0.0,1500.0,58.8,41.2,0.0,0.0,3.0,1.2,38.0,40,103.225,100,band
263,19900719,x753,wards,36066.0,no,yes,benton,coated,coated,no,line,yes,motter94,827,9.0,tabloid,canadian,1911,40.0,54.0,0.2,15.0,72.0,0.75,35.0,0.0,2500.0,58.5,41.5,0.0,0.0,2.1,1.1,30.0,40,100.0,100,noband
427,19901218,x80,eckerds,34694.0,no,yes,benton,coated,coated,no,line,yes,motter94,824,2.0,tabloid,canadian,1910,30.0,41.0,0.333,15.5,74.0,0.8125,30.0,2.5,1900.0,58.0,39.5,4.5,0.0,1.9,1.3,30.0,40,114.28,100,noband
454,19911211,w90,gurney,37018.0,no,yes,benton,coated,coated,no,line,yes,woodhoe70,816,2.0,spiegel,?,1911,42.5,47.0,0.2,16.2,78.0,0.75,30.0,0.0,2100.0,56.2,43.8,0.0,0.0,2.5,1.2,33.0,40,110.0,100,band
443,19911124,f169,bestprod,37970.0,no,yes,benton,uncoated,coated,no,line,yes,albert70,802,7.0,catalog,?,1911,35.0,41.0,0.267,16.66,78.0,0.75,50.0,7.6,1490.0,54.3,38.0,0.0,0.0,3.0,1.0,35.0,40,106.7,100,noband
366,19901109,g81,hills,34716.0,no,yes,benton,uncoated,coated,no,line,no,woodhoe70,816,9.0,tabloid,northus,1910,40.0,51.0,0.233,15.0,70.0,0.25,24.0,0.5,0.0,59.5,40.0,0.0,0.0,3.0,1.0,35.0,40,100.0,100,band
91,19910323,x264,kmart,37355.0,no,yes,benton,coated,coated,no,line,yes,motter94,828,9.0,tabloid,?,1911,40.0,49.0,0.233,16.8,78.0,0.9375,30.0,0.0,2000.0,62.5,37.5,0.0,0.0,2.4,0.9,35.0,40,100.0,100,noband
339,19901001,g150,kmart,36197.0,no,yes,benton,uncoated,uncoated,no,line,yes,woodhoe70,816,2.0,tabloid,mideuropean,1910,55.0,48.0,0.233,18.0,76.0,0.25,24.0,10.0,1600.0,60.0,30.0,0.0,0.0,3.0,0.9,35.0,40,93.55,90,band
520,19930407,g433,toysrus,35661.0,?,?,?,uncoated,uncoated,?,?,yes,albert70,816,2.0,tabloid,?,1910,,47.0,0.233,16.5,86.0,0.25,,,1750.0,,,,,2.1,2.1,,40,109.6,95,band
52,19910220,x118,toysrus,35870.0,no,no,benton,coated,coated,no,line,no,motter94,824,2.0,tabloid,canadian,1910,40.0,46.0,0.2,15.0,68.0,0.75,28.0,0.0,1700.0,58.8,41.2,0.0,0.0,1.0,1.0,33.0,40,103.22,100,noband
345,19901010,r34,target,34522.0,no,yes,benton,coated,uncoated,no,line,yes,woodhoe70,816,9.0,spiegel,northus,1911,35.0,50.0,0.3,14.0,74.0,0.25,28.0,0.0,2500.0,58.8,41.2,0.0,0.0,2.5,0.7,30.0,40,114.29,100,noband
264,19900719,x823,wards,36066.0,no,yes,benton,coated,coated,no,line,yes,motter94,827,2.0,tabloid,canadian,1911,40.0,54.0,0.367,15.0,78.0,0.75,20.0,0.0,2500.0,61.1,38.9,0.0,0.0,2.5,0.7,30.0,40,100.0,100,noband
241,19900708,f374,massey,36784.0,yes,yes,benton,uncoated,uncoated,no,line,no,woodhoe70,815,2.0,catalog,northus,1910,50.0,58.0,0.367,13.5,100.0,0.75,35.0,0.0,1750.0,55.5,44.5,3.0,0.0,2.7,0.5,40.0,35,100.0,100,band
13,19910125,x817,guideposts,23052.0,yes,yes,benton,uncoated,uncoated,no,line,yes,motter94,821,7.0,tabloid,northus,1911,40.0,45.0,0.3,14.5,70.0,0.625,25.0,0.0,1500.0,59.5,40.5,0.0,0.0,2.0,1.0,40.0,40,100.0,100,band
315,19900909,f679,modmat,47105.0,yes,yes,uddeholm,uncoated,uncoated,no,line,no,woodhoe70,816,9.0,catalog,northus,1910,65.0,50.0,0.267,15.0,86.0,0.25,28.0,10.5,1700.0,52.6,36.8,2.0,0.0,2.5,0.6,40.0,40,103.3,100,noband
88,19910320,x160,tvguide,25513.0,yes,yes,benton,uncoated,uncoated,no,line,yes,motter94,821,2.0,tabloid,?,1911,45.0,45.0,?,15.1,75.0,0.625,20.0,15.0,1750.0,50.0,35.0,0.0,0.0,1.6,0.9,34.0,40,103.22,100,noband
387,19901121,f601,modmat,47106.0,yes,yes,benton,uncoated,uncoated,no,line,no,albert70,802,7.0,catalog,northus,1911,40.0,50.0,0.233,14.0,70.0,0.75,45.0,0.0,1800.0,60.2,39.8,0.0,0.0,2.5,1.0,40.0,40,100.0,100,band
273,19900801,j15,wards,36882.0,no,yes,benton,coated,coated,no,line,yes,woodhoe70,816,2.0,tabloid,canadian,1910,45.0,53.0,0.3,15.2,78.0,1.0,,13.3,2150.0,51.0,35.7,2.0,0.0,2.5,1.1,30.0,35,111.1,100,noband
166,19910618,i383,childcraft,37003.0,yes,yes,benton,uncoated,cover,no,line,yes,woodhoe70,815,2.0,catalog,northus,1910,40.0,65.0,0.267,16.2,79.0,0.625,30.0,0.0,1500.0,62.5,37.5,4.0,0.0,2.5,1.0,38.0,40,106.45,100,band
328,19901001,x251,toysrus,34754.0,no,no,benton,coated,coated,no,line,no,motter94,824,9.0,tabloid,canadian,1910,42.5,48.0,0.2,15.0,76.0,0.875,30.0,3.6,2050.0,60.2,36.2,0.0,0.0,2.5,1.0,30.0,40,93.55,90,noband
534,19941007,aa7,kmart,85813.0,?,?,?,super,uncoated,?,?,?,motter94,827,2.0,tabloid,?,1910,,56.0,0.300,18.3,80.0,1.0,32.0,,1900.0,,,,,,,,40,110.0,100,band
134,19910426,x139,hanhouse,37994.0,yes,yes,benton,uncoated,uncoated,no,line,no,motter94,821,2.0,tabloid,northus,1911,55.0,45.0,0.267,15.5,79.0,0.625,20.0,16.7,1850.0,54.3,34.3,4.0,0.0,2.5,1.0,34.0,40,100.0,100,noband
306,19900821,i353,austads,34066.0,yes,yes,benton,uncoated,uncoated,no,line,no,albert70,802,7.0,catalog,canadian,1910,52.5,55.0,0.333,14.0,70.0,0.625,55.0,7.9,1600.0,57.5,34.44,4.0,0.0,3.0,0.8,40.0,45,93.75,100,noband
484,19910730,x139,tvguide,25532.0,yes,yes,benton,uncoated,uncoated,no,line,yes,motter94,821,2.0,tabloid,?,1910,40.0,59.0,0.25,15.0,80.0,0.75,40.0,13.3,1750.0,51.0,35.7,0.0,0.0,2.2,0.7,34.0,40,100.0,100,band
525,19930908,i311,modmat,47405.0,?,?,?,coated,coated,?,?,yes,albert70,815,2.0,catalog,?,1911,,56.0,0.300,14.0,91.0,1.125,27.0,,1650.0,,,,,3.0,1.5,,40,100.0,95,band
319,19900910,t333,modmat,47105.0,yes,yes,benton,coated,coated,no,line,yes,motter70,813,9.0,catalog,northus,1910,55.0,47.0,0.2,14.0,71.0,,,0.0,1600.0,62.5,37.5,0.0,0.0,2.5,0.7,40.0,40,90.3,100,noband
243,19900710,m332,modmat,47104.0,yes,yes,benton,uncoated,uncoated,no,line,yes,albert70,802,7.0,catalog,northus,1911,30.0,56.0,0.433,16.0,70.0,,60.0,21.8,1400.0,45.4,32.8,0.0,0.0,3.0,0.9,40.0,40,96.8,100,noband
54,19910216,r23,target,35811.0,no,yes,benton,coated,coated,no,line,yes,woodhoe70,815,9.0,spiegel,canadian,1911,40.0,35.0,0.233,18.0,85.0,0.625,30.0,0.0,2000.0,62.5,37.5,0.0,0.0,2.5,0.9,30.0,40,103.125,100,noband
363,19901114,x243,tvguide,25477.0,yes,yes,benton,uncoated,uncoated,no,line,no,motter94,821,7.0,tabloid,northus,1911,50.0,42.0,0.2,17.0,73.0,0.4375,20.0,18.5,1800.0,46.3,35.1,2.0,0.0,2.5,1.0,34.0,40,100.0,100,band
50,19910223,x53,belk,35335.0,yes,yes,benton,uncoated,uncoated,no,line,yes,motter94,827,2.0,tabloid,northus,1911,45.0,41.0,0.333,17.0,78.0,0.75,16.0,14.1,1100.0,50.5,35.4,0.0,0.0,2.5,1.0,50.0,40,96.97,100,band
503,19920822,aa28,kmart,34533.0,?,?,?,super,uncoated,no,?,yes,motter94,821,2.0,tabloid,?,1910,,63.0,0.233,15.5,79.0,0.625,35.0,,1760.0,,,,,2.4,1.0,,40,106.25,100,band
174,19910706,x367,wards,37505.0,no,yes,benton,coated,coated,no,line,no,motter94,824,9.0,tabloid,canadian,1910,40.0,64.0,0.233,15.4,88.0,0.5625,24.0,4.4,1835.0,55.5,40.0,2.0,0.0,2.0,1.3,30.0,40,106.45,100,noband
445,19910807,f629,abbey,24780.0,no,yes,benton,uncoated,coated,no,line,yes,albert70,802,2.0,catalog,?,1910,40.0,60.0,0.2,15.0,80.0,0.625,50.0,0.0,1400.0,58.8,41.2,0.0,0.0,3.0,0.6,34.0,40,103.1,100,noband
189,19900418,f329,exxon,36858.0,yes,yes,benton,uncoated,uncoated,no,line,yes,motter70,813,5.0,catalog,northus,1910,60.0,43.0,0.367,15.0,94.0,1.0,,9.5,1500.0,52.6,37.9,0.0,4.0,2.5,1.0,40.0,35,100.0,100,band
537,19941009,aa58,kmart,85814.0,?,?,?,super,coated,?,?,?,motter94,827,2.0,tabloid,?,1910,,,0.300,16.5,70.0,1.0,34.0,,1903.0,,,,,2.7,2.8,,40,108.0,100,band
463,19910729,i357,bestprod,37965.0,no,yes,benton,uncoated,coated,no,line,no,woodhoe70,816,9.0,catalog,?,1910,55.0,61.0,0.283,21.0,78.0,1.0,28.0,0.0,1500.0,58.8,41.2,3.0,0.0,2.5,0.7,35.0,40,100.0,100,band
187,19900524,f227,jamesway,36648.0,no,yes,benton,uncoated,coated,no,line,yes,woodhoe70,815,1.0,catalog,canadian,1911,50.0,60.0,0.3,14.0,75.0,0.625,33.0,0.0,2000.0,65.2,34.8,0.0,0.0,0.0,0.0,35.0,40,96.9,100,band
475,19920220,g407,kidsrus,29442.0,yes,yes,benton,uncoated,cover,no,line,yes,woodhoe70,816,2.0,tabloid,?,1910,50.0,40.0,0.2,15.2,78.0,1.0,24.0,0.0,1850.0,58.8,41.2,0.0,0.0,2.9,1.1,40.0,40,103.13,100,band
169,19910609,x253,eckerd,35460.0,no,yes,benton,coated,coated,no,line,no,motter94,824,2.0,tabloid,canadian,1910,40.0,62.0,?,16.0,80.0,0.8125,40.0,0.0,2250.0,62.5,37.5,0.0,0.0,2.5,0.7,30.0,40,110.0,100,band
510,19921001,t31,bestprod,36054.0,?,?,?,super,uncoated,no,?,yes,albert70,816,2.0,catalog,?,1911,,47.0,0.200,15.0,85.0,0.5,24.0,,1470.0,,,,,1.8,1.7,,40,96.9,100,band
58,19910220,x760,tvguide,25509.0,yes,yes,benton,uncoated,uncoated,no,line,yes,motter94,821,7.0,tabloid,northus,1911,50.0,46.0,0.2,14.6,60.0,0.625,25.0,10.5,1750.0,52.6,36.8,2.0,0.0,2.4,0.8,28.0,40,96.97,100,band
474,19910822,r30,sheplers,35529.0,yes,yes,benton,uncoated,uncoated,no,line,yes,albert70,802,7.0,spiegel,?,1911,47.5,58.0,0.217,13.1,70.0,,55.0,10.0,1660.0,50.0,40.0,0.0,0.0,2.9,1.0,34.0,40,96.88,100,band
252,19900726,t8,rei,36644.0,yes,yes,benton,uncoated,uncoated,no,xylol,no,woodhoe70,816,2.0,catalog,northus,1911,60.0,56.0,0.3,16.0,87.0,0.625,26.0,10.5,1450.0,50.5,39.0,3.0,0.0,3.0,1.3,40.0,40,93.75,100,band
21,19910130,x823,colortil,35751.0,no,yes,benton,coated,coated,no,naptha,yes,motter94,824,9.0,tabloid,canadian,1911,40.0,45.0,0.2,15.0,76.0,0.8125,30.0,0.0,2400.0,62.5,37.5,0.0,0.0,1.0,1.0,30.0,40,107.4,100,noband
313,19900909,f159,modmat,47105.0,yes,yes,benton,uncoated,uncoated,no,line,no,woodhoe70,816,2.0,catalog,northus,1910,60.0,50.0,0.267,14.9,88.0,0.375,32.0,10.3,1700.0,51.5,38.1,5.0,0.0,3.0,1.3,40.0,40,103.3,100,noband
459,19910915,g48,ames,37189.0,no,yes,benton,coated,coated,no,line,yes,woodhoe70,815,2.0,tabloid,?,1910,40.0,63.0,0.233,15.8,80.0,0.75,30.0,10.5,2000.0,52.6,36.9,0.0,0.0,3.0,1.0,33.0,40,109.7,100,band
160,19910614,x804,roses,37579.0,no,yes,benton,coated,coated,no,line,yes,motter94,827,9.0,tabloid,canadian,1910,45.0,69.0,0.267,16.1,76.0,0.75,22.0,5.6,2426.0,55.6,38.9,0.0,0.0,2.7,0.7,30.0,40,103.22,100,noband
276,19900805,j60,walmart,34493.0,no,yes,benton,coated,coated,no,line,no,woodhoe70,816,2.0,tabloid,?,1910,35.0,55.0,0.233,15.0,70.0,0.5,35.0,0.0,2000.0,58.8,41.2,0.0,0.0,2.5,1.5,30.0,35,100.0,100,band
191,19900417,t313,exxon,36858.0,yes,yes,benton,uncoated,uncoated,no,line,yes,albert70,802,2.0,catalog,northus,1910,47.5,52.0,0.267,14.3,98.0,0.75,55.0,11.7,1600.0,53.2,35.1,0.0,0.0,3.0,1.0,40.0,33,100.0,100,band
385,19901124,w395,toysrus,34259.0,no,no,benton,coated,coated,no,line,no,woodhoe70,815,1.0,spiegel,canadian,1911,40.0,47.0,0.267,15.0,88.0,0.5,34.0,0.0,1700.0,62.5,37.5,0.0,0.0,0.0,0.0,30.0,40,100.0,100,band
413,19901215,f133,hanoverhse,34099.0,yes,yes,benton,uncoated,uncoated,no,line,no,albert70,802,7.0,catalog,northus,1910,45.0,41.0,0.267,13.3,70.0,0.75,50.0,0.0,1700.0,63.9,36.1,0.0,0.0,3.0,0.7,38.0,40,117.85,100,noband
491,19920326,x66,roses,34294.0,no,?,?,coated,coated,no,?,yes,motter94,821,2.0,tabloid,?,1910,35.0,48.0,0.267,16.0,72.0,0.75,20.0,,1650.0,,,,,1.5,1.1,,40,83.33,100,band
343,19901017,t178,servmerch,38240.0,yes,yes,benton,uncoated,uncoated,no,xylol,yes,albert70,802,7.0,catalog,mideuropean,1911,60.0,46.0,0.333,,80.0,0.625,50.0,12.4,1391.0,51.5,36.1,2.0,0.0,2.7,1.0,38.5,40,114.29,100,noband
308,19900921,r6,target,34551.0,no,yes,benton,coated,coated,no,line,yes,woodhoe70,815,1.0,spiegel,canadian,1910,35.0,72.0,0.367,15.2,72.0,1.0,36.0,0.0,2200.0,65.2,34.8,0.0,0.0,2.5,1.0,30.0,40,93.6,90,band
130,19910415,e92,kmart,32360.0,no,yes,benton,uncoated,coated,no,line,yes,motter94,827,2.0,tabloid,?,1910,,59.0,0.233,14.2,80.0,1.0,20.0,5.6,,55.6,38.9,0.0,0.0,2.0,2.5,33.0,40,106.45,100,noband
99,19910327,x754,colortile,37572.0,no,yes,benton,coated,coated,no,line,yes,motter94,824,9.0,tabloid,canadian,1911,35.0,48.0,0.233,16.0,86.0,0.5625,30.0,16.1,1900.0,44.6,39.3,0.0,0.0,2.5,1.5,30.0,40,103.22,100,noband
372,19901107,x127,kmart,36166.0,no,yes,benton,uncoated,coated,no,line,no,motter94,828,2.0,tabloid,northus,1910,45.0,43.0,0.2,16.0,80.0,0.75,30.0,3.1,2200.0,51.0,45.9,0.0,0.0,2.5,1.3,35.0,40,103.33,100,noband
87,19910325,x798,tvguide,25514.0,yes,yes,benton,uncoated,uncoated,no,line,no,motter94,821,7.0,tabloid,?,1910,55.0,49.0,0.267,12.5,70.0,0.625,30.0,5.6,1750.0,55.6,38.9,0.0,0.0,2.5,0.9,34.0,40,106.66,100,band
458,19910923,t312,hanoverhouse,39027.0,yes,yes,benton,uncoated,uncoated,no,line,no,woodhoe70,816,9.0,catalog,?,1910,50.0,60.0,0.267,16.0,78.0,0.5,28.0,4.5,1520.0,53.0,42.0,0.0,0.0,2.5,1.5,34.0,40,106.2,100,band
330,19900926,x206,walmart,36578.0,no,yes,benton,coated,coated,no,line,no,motter94,827,2.0,tabloid,mideuropean,1911,35.0,48.0,0.3,14.5,74.0,0.75,20.0,0.0,2225.0,62.5,37.5,4.0,0.0,2.0,1.2,33.0,40,106.25,90,noband
214,19900615,r29,target,34547.0,no,yes,benton,coated,coated,no,line,yes,woodhoe70,815,2.0,spiegel,canadian,1910,30.0,58.0,0.333,16.3,78.0,0.625,30.0,0.0,2150.0,58.8,41.2,10.0,0.0,2.5,1.0,30.0,35,90.0,100,noband
466,19920115,i49,modmat,47301.0,yes,yes,benton,uncoated,uncoated,no,line,yes,woodhoe70,816,2.0,catalog,?,1910,,44.0,0.2,14.3,78.0,0.25,32.0,0.0,1650.0,56.8,43.2,3.0,0.0,2.5,2.5,40.0,40,100.0,100,band
121,19910426,g95,wards,37333.0,no,yes,benton,coated,coated,no,line,no,woodhoe70,815,2.0,tabloid,canadian,1910,35.0,56.0,0.3,15.3,80.0,0.75,20.0,0.0,1900.0,76.9,23.1,0.0,0.0,2.5,1.25,33.0,40,106.66,100,band
20,19910130,x799,colortil,37571.0,no,yes,benton,coated,coated,no,naptha,no,motter94,824,2.0,tabloid,canadian,1911,50.0,45.0,0.233,16.0,70.0,0.8125,30.0,0.0,2400.0,58.8,41.2,0.0,0.0,1.7,1.0,30.0,40,107.4,100,noband
71,19910307,f067,modmat,47202.0,no,yes,benton,uncoated,uncoated,no,line,yes,woodhoe70,816,2.0,catalog,northus,1910,67.5,45.0,0.2,15.5,80.0,0.5,34.0,16.3,1683.0,43.5,40.2,6.0,0.0,2.5,1.0,40.0,40,109.67,100,noband
106,19910502,f416,modmat,47203.0,yes,yes,benton,coated,coated,no,line,no,motter70,813,9.0,catalog,northus,1910,55.0,55.0,0.3,16.3,100.0,1.0,,0.0,1650.0,58.8,41.2,0.0,0.0,,,40.0,40,106.66,100,band
270,19900727,f76,rei,36644.0,yes,yes,benton,uncoated,uncoated,no,line,no,albert70,802,2.0,catalog,northus,1910,60.0,53.0,0.333,16.5,88.0,0.75,55.0,22.1,1550.0,41.0,36.9,0.0,0.0,3.0,0.8,40.0,35,105.1,100,noband
435,19910804,y228,kmart,37371.0,no,yes,benton,uncoated,coated,no,line,yes,woodhoe70,816,9.0,tabloid,?,1910,40.0,58.0,0.267,15.0,80.0,0.1875,,3.2,2000.0,53.8,43.0,0.0,0.0,2.5,1.0,35.0,40,103.125,100,noband
102,19910406,f103,bestprod,37822.0,no,yes,benton,uncoated,coated,no,line,yes,motter70,813,1.0,catalog,northus,1910,40.0,44.0,0.2,15.0,68.0,0.75,,0.0,1750.0,58.8,41.2,0.0,0.0,2.7,0.7,35.0,40,103.125,100,noband
